word,count
bluetooth или адаптерам usb,1
usb или аудио кабелю,1
беспроводные спикерфоны могут подключаться,1
больших помещений или громких,1
важнейший элемент любого переговорного,1
вашим телефоном или компьютером,1
встроенные динамики в ноутбуках,1
встроенный динамик и микрофон,1
выбирайте спикерфон с высоким,1
выбрать спикерфон со встроенной,1
выполняется в виде моноблока,1
высококачественное звучание и голосовую,1
громкости и отключения микрофона,1
громкость и функцию шумоподавления,1
делает их более удобными,1
задаваемые вопросы о спикерфонах,1
захвата звука у выбранного,1
звука и упростить процесс,1
звука с помощью bluetooth,1
звука с помощью проводов,1
звука у выбранного устройства,1
звучание и голосовую связь,1
используются на рабочем столе,1
камерами и прочими устройствами,1
каналу bluetooth или адаптерам,1
кнопки ответа и завершения,1
конференции или групповые звонки,1
которым может потребоваться специальный,1
которым трудно держать телефон,1
купить в многих магазинах,1
магазина стоит учитывать репутацию,1
максимуму к живой человеческой,1
менеджеры окажут профессиональную бесплатную,1
микрофоны и обеспечивают высококачественное,1
моделей устройств под любые,1
модель оснащена своим набором,1
модельный ряд спикерфонов активно,1
музыки или просмотре фильмов,1
надежность и качество устройства,1
найдете более 100 моделей,1
нам или напишите сообщение,1
наши менеджеры окажут профессиональную,1
недостатков имеющейся акустической среды,1
необходимые для вашего использования,1
обратите внимание на радиус,1
обсуждения возможных продаж,1
обычного телефона в устройство,1
одними из важнейших характеристик,1
операционными системами или приложениями,1
оснащена своим набором интерфейсов,1
особенно важно при прослушивании,1
ответа и завершения звонка,1
переговорной или портативное устройство,1
передает чистый и громкий,1
персональном компьютере или ноутбуке,1
пикниках и на открытом,1
питать устройство через кабель,1
подключаться к источнику звука,1
подключаются к источнику звука,1
подробными характеристиками вы найдете,1
поездки для обсуждения возможных,1
позволяют улучшить качество звука,1
позвоните нам или напишите,1
полезен в различных ситуациях,1
полезными для озвучивания больших,1
полезными для различных сценариев,1
пользователей и оцените надежность,1
помещений или громких мероприятий,1
потребностей и условий использования,1
предназначенное для преобразования обычного,1
применяется в составе систем,1
производителей с хорошей репутацией,1
прослушивании музыки или просмотре,1
профессиональную бесплатную консультацию,1
прочими устройствами видеосвязи как,1
прочтите отзывы других пользователей,1
путешествиях или на открытом,1
разъема или другого типа,1
регулируемую громкость и функцию,1
ряд спикерфонов активно расширяется,1
связь для участников конференции,1
системах uc производста avaya,1
смартфонам по каналу bluetooth,1
собеседника через встроенный динамик,1
собираетесь разместить в нем,1
совместим с вашим телефоном,1
сопротивление и чувствительность динамика,1
составе систем унифицированных коммуникаций,1
спикерфон имеет возможности подключения,1
спикерфон может быть полезен,1
спикерфон от известных производителей,1
спикерфон с высоким качеством,1
спикерфон со встроенной батареей,1
спикерфон совместим с вашим,1
спикерфон соответствует вашему бюджету,1
спикерфона имеет свои преимущества,1
спикерфона принято считать эхо,1
спикерфонах что такое спикерфон,1
спикерфоны бывают разных типов,1
спикерфоны имеют несколько преимуществ,1
спикерфоны могут быть встроены,1
спикерфоны могут производить громкий,1
спикерфоны обеспечивают более высокое,1
спикерфоны спикерфоны с подключением,1
спикерфоны также имеют встроенный,1
стоит учитывать репутацию продавца,1
столе или в комнате,1
телефонные конференции или групповые,1
телефоны или быть отдельными,1
трудно держать телефон ухом,1
удобно помещается на столе,1
уменьшить шум и фоновые,1
установленные на персональном компьютере,1
устройства со встроенным спикерфоном,1
устройство с функцией громкой,1
устройство через кабель ethernet,1
ухом или использовать наушники,1
функции для вашего использования,1
функций шумоподавления и эхоподавления,1
центральный спикерфон для переговорной,1
цены и ассортимент товаров,1
частного или коллективного общения,1
чистый и громкий звук,1
шум и фоновые звуки,1
