id,url
71570,https://rozetka.com.ua/ua/zyxel-gs3700-24/p357596004/
16268,https://rozetka.com.ua/ua/zyxel-gs2220-10hp-eu0101f/p331047985/
71555,https://rozetka.com.ua/ua/zyxel-gs1900-24ep-eu0101f/p357603873/
74040,https://rozetka.com.ua/ua/zyxel_xgs2210_28_eu0101f/p28971401/
71581,https://rozetka.com.ua/ua/zyxel_xgs1930_52hp_eu0101f/p62639421/
71579,https://rozetka.com.ua/ua/zyxel_xgs1930_28hp_eu0101f/p62636761/
71578,https://rozetka.com.ua/ua/zyxel_xgs1930_28_eu0101f/p62572515/
71575,https://rozetka.com.ua/ua/zyxel_rgs100_5p_zz0101f/p62374401/
71572,https://rozetka.com.ua/ua/zyxel_mes3500_24s_eu01v1f/p87226684/
71571,https://rozetka.com.ua/ua/zyxel_mes3500_10_eu01v1f/p37374632/
71569,https://rozetka.com.ua/ua/zyxel_gs2210_8_eu0101f/p28955601/
71564,https://rozetka.com.ua/ua/zyxel_gs192048hpv2_eu0101f/p195570138/
71562,https://rozetka.com.ua/ua/zyxel_gs192024hpv2_eu0101f/p195570131/
71565,https://rozetka.com.ua/ua/zyxel_gs1920_8hpv2_eu0101f/p62519063/
71563,https://rozetka.com.ua/ua/zyxel_gs1920_24v2_eu0101f/p62550948/
71561,https://rozetka.com.ua/ua/zyxel_gs1900_8hp_eu0102f/p28999521/
71560,https://rozetka.com.ua/ua/zyxel_gs1900_8_eu0101f/p28993993/
71554,https://rozetka.com.ua/ua/zyxel_gs1900_10hp_eu0101f/p28991617/
71553,https://rozetka.com.ua/ua/zyxel_gs1350_6hp_eu0101f/p195570124/
71552,https://rozetka.com.ua/ua/zyxel_gs1350_18hp_eu0101f/p195570117/
71551,https://rozetka.com.ua/ua/zyxel_gs1350_12hp_eu0101f/p195570110/
71549,https://rozetka.com.ua/ua/zyxel_gs1300_10hp_eu0101f/p195570089/
71548,https://rozetka.com.ua/ua/zyxel_gs1200_5hpv2_eu0101f/p47132280/
71547,https://rozetka.com.ua/ua/zyxel_gs1200_5_eu0101f/p57433653/
71544,https://rozetka.com.ua/ua/zyxel_gs1100_10hp_eu0101f/p26618537/
71541,https://rozetka.com.ua/ua/zyxel_gs1008hp_eu0101f/p195570068/
71540,https://rozetka.com.ua/ua/zyxel_gs1005hp_eu0101f/p195570075/
71543,https://rozetka.com.ua/ua/zyxel_gs_108bv3_eu0101f/p57429729/
71542,https://rozetka.com.ua/ua/zyxel_gs_105sv2_eu0101f/p57429375/
71537,https://rozetka.com.ua/ua/zyxel_es1100_8p_eu0102f/p26618737/
71538,https://rozetka.com.ua/ua/zyxel_es_105av3_eu0101f/p53687682/
15162,https://rozetka.com.ua/ua/ubiquiti-usg/p356565795/
12285,https://rozetka.com.ua/ua/ubiquiti-usg-pro-4/p356565336/
11478,https://rozetka.com.ua/ua/ubiquiti-uap-xg/p357373017/
11762,https://rozetka.com.ua/ua/ubiquiti-uap-nanohd/p357378480/
12270,https://rozetka.com.ua/ua/ubiquiti-uap-ac-shd/p357376413/
11761,https://rozetka.com.ua/ua/ubiquiti-uap-ac-m-pro/p354237276/
15376,https://rozetka.com.ua/ua/ubiquiti-uap-ac-hd/p357374724/
12287,https://rozetka.com.ua/ua/ubiquiti-er-4/p356566230/
15155,https://rozetka.com.ua/ua/ubiquiti-afi-hd/p356567187/
12283,https://rozetka.com.ua/ua/ubiquiti_unifi_ap_ac_pro/p9948544/
15378,https://rozetka.com.ua/ua/ubiquiti_unifi_ap_ac_lite/p9947431/
12303,https://rozetka.com.ua/ua/ubiquiti_es_10xp/p101586882/
15385,https://rozetka.com.ua/ua/ubiquiti_edgerouter_x/p24907275/
12305,https://rozetka.com.ua/ua/ubiquiti_ds162684/p24902921/
80728,https://rozetka.com.ua/ua/tp-link-vigi-nvr1008h/p318554734/
80645,https://rozetka.com.ua/ua/tp-link-vigi-nvr1008/p318574414/
80640,https://rozetka.com.ua/ua/tp-link-vigi-c400p-4/p318602728/
80593,https://rozetka.com.ua/ua/tp-link-vigi-c400p-28/p318602722/
80896,https://rozetka.com.ua/ua/tp-link-tl-sx105/p310926558/
80860,https://rozetka.com.ua/ua/tp-link-tl-sx1008/p310925758/
80857,https://rozetka.com.ua/ua/tp-link-tl-sg3210xhp-m2/p350449140/
80859,https://rozetka.com.ua/ua/tp-link-tl-sg108-m2/p310924433/
80858,https://rozetka.com.ua/ua/tp-link-tl-sg105-m2/p310913558/
80827,https://rozetka.com.ua/ua/tp-link-er605/p355683495/
80582,https://rozetka.com.ua/ua/tp-link-eap660-hd/p312952402/
80734,https://rozetka.com.ua/ua/tp-link-eap620-hd/p312913843/
80733,https://rozetka.com.ua/ua/tp-link-eap265-hd/p312881209/
80824,https://rozetka.com.ua/ua/tp-link_tl-wr840n/p3512172/
80592,https://rozetka.com.ua/ua/tp_link_vigi_c400hp_4/p322625830/
80591,https://rozetka.com.ua/ua/tp_link_vigi_c400hp_2_8/p322625794/
80590,https://rozetka.com.ua/ua/tp_link_vigi_c300p_6/p322625791/
80589,https://rozetka.com.ua/ua/tp_link_vigi_c300hp_6/p322625788/
80588,https://rozetka.com.ua/ua/tp_link_vigi_c300hp_4/p322619215/
80855,https://rozetka.com.ua/ua/tp_link_tl_sg2008/p6013179/
80935,https://rozetka.com.ua/ua/tp_link_tl_fc311b_20/p347118654/
80902,https://rozetka.com.ua/ua/tp_link_tl_fc311b_2/p347118342/
80901,https://rozetka.com.ua/ua/tp_link_tl_fc311a_20/p347123142/
80900,https://rozetka.com.ua/ua/tp_link_tl_fc311a_2/p347118645/
80587,https://rozetka.com.ua/ua/tp_link_tapo_c310/p310630208/
80586,https://rozetka.com.ua/ua/tp_link_tapo_c210/p296595668/
80585,https://rozetka.com.ua/ua/tp_link_tapo_c200/p198820201/
80584,https://rozetka.com.ua/ua/tp_link_tapo_c110/p298033523/
80583,https://rozetka.com.ua/ua/tp_link_tapo_c100/p198819541/
80939,https://rozetka.com.ua/ua/tp_link_sm321b/p58597708/
80938,https://rozetka.com.ua/ua/tp_link_sm321a/p58597150/
80897,https://rozetka.com.ua/ua/tp_link_mc110cs/p209809/
80732,https://rozetka.com.ua/ua/tp_link_eap235_wall/p275486508/
80729,https://rozetka.com.ua/ua/tp_link_eap225/p18565533/
80730,https://rozetka.com.ua/ua/tp_link_eap225_outdoor/p56073882/
16599,https://rozetka.com.ua/ua/totolink-a3002r/p334142602/
16600,https://rozetka.com.ua/ua/totolink_a3002ru/p229469803/
16250,https://rozetka.com.ua/ua/tenda-teg1109p-8-102w/p349473648/
12384,https://rozetka.com.ua/ua/tenda-kiltdaswi0045/p365056014/
17566,https://rozetka.com.ua/ua/tenda-i24/p349578753/
17597,https://rozetka.com.ua/ua/tenda_w15e/p161517280/
17720,https://rozetka.com.ua/ua/tenda_u9/p161472361/
17677,https://rozetka.com.ua/ua/tenda_u3/p33284279/
17676,https://rozetka.com.ua/ua/tenda_u12_ac1300/p33275775/
17675,https://rozetka.com.ua/ua/tenda_u1/p12330712/
17583,https://rozetka.com.ua/ua/tenda_teg1105p_4_63w/p71970771/
12382,https://rozetka.com.ua/ua/tenda_teg1024d/p219844/
15579,https://rozetka.com.ua/ua/tenda_teg1016/p219861/
15629,https://rozetka.com.ua/ua/tenda_teg1008d/p7391585/
12385,https://rozetka.com.ua/ua/tenda_tef1110p_8_102w/p33431839/
13553,https://rozetka.com.ua/ua/tenda_tef1109p_8_63w/p33429719/
13554,https://rozetka.com.ua/ua/tenda_tef1024d/p33423615/
13555,https://rozetka.com.ua/ua/tenda_tef1016d/p33405223/
13184,https://rozetka.com.ua/ua/tenda_sg105/p33367847/
12389,https://rozetka.com.ua/ua/tenda_s108/p194299/
17596,https://rozetka.com.ua/ua/tenda_f6/p114829117/
17591,https://rozetka.com.ua/ua/tenda_ac8/p168459929/
17590,https://rozetka.com.ua/ua/tenda_ac7/p114832633/
17587,https://rozetka.com.ua/ua/tenda_ac23/p239133859/
17586,https://rozetka.com.ua/ua/tenda_ac19/p243291619/
17585,https://rozetka.com.ua/ua/tenda_ac11/p280723183/
17584,https://rozetka.com.ua/ua/tenda_ac10/p113830484/
10487,https://rozetka.com.ua/ua/synology-nassylnas0051/p365055918/
15206,https://rozetka.com.ua/ua/synology-ds620slim/p309196443/
10484,https://rozetka.com.ua/ua/synology-ds420j/p309179883/
17654,https://rozetka.com.ua/ua/synology-ds2422plus/p367501521/
10476,https://rozetka.com.ua/ua/synology-ds1821plus/p309190498/
10478,https://rozetka.com.ua/ua/synology-ds1621plus/p309189333/
14463,https://rozetka.com.ua/ua/synology_rs820rp/p217730161/
10481,https://rozetka.com.ua/ua/synology_rs820/p217760989/
11877,https://rozetka.com.ua/ua/synology_dx517/p33496015/
10483,https://rozetka.com.ua/ua/synology_ds920_plus/p237567235/
14464,https://rozetka.com.ua/ua/synology_ds420_plus/p237431473/
10485,https://rozetka.com.ua/ua/synology_ds220j/p197402276/
10486,https://rozetka.com.ua/ua/synology_ds220/p262606886/
11885,https://rozetka.com.ua/ua/synology_ds218play/p28376185/
15209,https://rozetka.com.ua/ua/synology_ds218/p55589616/
15211,https://rozetka.com.ua/ua/synology_ds118/p33489743/
16747,https://rozetka.com.ua/ua/rci_rci902w_fe_20_t/p334207738/
17645,https://rozetka.com.ua/ua/qnap-tvs-675-8g/p365415948/
17650,https://rozetka.com.ua/ua/qnap-ts-673a-8g/p365413956/
14449,https://rozetka.com.ua/ua/qnap-ts-431x3-4g/p365413263/
17647,https://rozetka.com.ua/ua/qnap-ts-364-4g/p365562363/
10432,https://rozetka.com.ua/ua/qnap_ts_932px_4g/p285682608/
10437,https://rozetka.com.ua/ua/qnap_ts_673_4g/p285679328/
14447,https://rozetka.com.ua/ua/qnap_ts_451d2_2g/p294285473/
10445,https://rozetka.com.ua/ua/qnap_ts_451_plus_2g/p24130617/
10450,https://rozetka.com.ua/ua/qnap_ts_431k/p243919591/
10452,https://rozetka.com.ua/ua/qnap_ts_253d_4g/p294267448/
10453,https://rozetka.com.ua/ua/qnap_ts_251d_2g/p243905497/
10455,https://rozetka.com.ua/ua/qnap_ts_231p3_2g/p294273123/
10456,https://rozetka.com.ua/ua/qnap_ts_231k/p243868219/
10457,https://rozetka.com.ua/ua/qnap_ts_230/p243852631/
15133,https://rozetka.com.ua/ua/panasonic_kx_tpa65ru/p45463360/
11466,https://rozetka.com.ua/ua/panasonic_kx_tgp600rub/p45452208/
11462,https://rozetka.com.ua/ua/panasonic_kx_hdv100rub/p45630616/
11463,https://rozetka.com.ua/ua/panasonic_kx_hdv100ru/p45628640/
17599,https://rozetka.com.ua/ua/nettis_n4/p108219312/
17598,https://rozetka.com.ua/ua/netis-p110c/p361939380/
16083,https://rozetka.com.ua/ua/netis_st3124p/p42535968/
16084,https://rozetka.com.ua/ua/netis_st3108s/p641340/
16085,https://rozetka.com.ua/ua/netis_st3108gs/p42536520/
16086,https://rozetka.com.ua/ua/netis_st3105s/p641335/
16087,https://rozetka.com.ua/ua/netis_st3105gs/p42536632/
17561,https://rozetka.com.ua/ua/netgear-xs508m-100eus/p336126811/
16510,https://rozetka.com.ua/ua/netgear-xr500-100eus/p361660320/
16513,https://rozetka.com.ua/ua/netgear-xr1000-100eus/p361660293/
16502,https://rozetka.com.ua/ua/netgear-wac510-10000s/p363856542/
16503,https://rozetka.com.ua/ua/netgear-wac104-100pes/p363853347/
16531,https://rozetka.com.ua/ua/netgear-rbk353-100eus/p363048252/
16532,https://rozetka.com.ua/ua/netgear-rbk352-100eus/p363047811/
16515,https://rozetka.com.ua/ua/netgear-rax70-100eus/p361660275/
16516,https://rozetka.com.ua/ua/netgear-rax50-100eus/p361660176/
16517,https://rozetka.com.ua/ua/netgear-rax43-100eus/p362986185/
16518,https://rozetka.com.ua/ua/netgear-rax40-100pes/p361659915/
16520,https://rozetka.com.ua/ua/netgear-rax120-100eus/p361659864/
16521,https://rozetka.com.ua/ua/netgear-rax10-100eus/p362983821/
16526,https://rozetka.com.ua/ua/netgear-mr2100-100eus/p361385958/
16527,https://rozetka.com.ua/ua/netgear-mr1100-100eus/p361384380/
16533,https://rozetka.com.ua/ua/netgear-mk63-100pes/p363048384/
16534,https://rozetka.com.ua/ua/netgear-mk62-100pes/p363048345/
17562,https://rozetka.com.ua/ua/netgear-jgs524-200eus/p331954633/
17559,https://rozetka.com.ua/ua/netgear-jgs516-200eus/p331954411/
17565,https://rozetka.com.ua/ua/netgear-gsm4212p-100eus/p334974700/
17556,https://rozetka.com.ua/ua/netgear-gs728tx-100nes/p334933156/
17602,https://rozetka.com.ua/ua/netgear-gs724tpp-100eus/p334964374/
16467,https://rozetka.com.ua/ua/netgear-gs608-400pes/p320261098/
16468,https://rozetka.com.ua/ua/netgear-gs605-400pes/p320260798/
17564,https://rozetka.com.ua/ua/netgear-gs524up-100eus/p336125602/
17560,https://rozetka.com.ua/ua/netgear-gs516up-100eus/p336123037/
17563,https://rozetka.com.ua/ua/netgear-gs516pp-100eus/p336119932/
17555,https://rozetka.com.ua/ua/netgear-gs510tpp-100eus/p334953319/
16469,https://rozetka.com.ua/ua/netgear-gs324-200eus/p320258032/
16471,https://rozetka.com.ua/ua/netgear-gs316pp-100eus/p320251756/
16490,https://rozetka.com.ua/ua/netgear-gs310tp-100eus/p320306170/
16491,https://rozetka.com.ua/ua/netgear-gs308t-100pes/p320302657/
16473,https://rozetka.com.ua/ua/netgear-gs308pp-100eus/p320250637/
16474,https://rozetka.com.ua/ua/netgear-gs308p-100pes/p320249452/
17558,https://rozetka.com.ua/ua/netgear-gs308ep-100pes/p331958422/
16492,https://rozetka.com.ua/ua/netgear-gs308e-100pes/p320299990/
16475,https://rozetka.com.ua/ua/netgear-gs308-300pes/p320245306/
16476,https://rozetka.com.ua/ua/netgear-gs305pp-100pes/p320243080/
16477,https://rozetka.com.ua/ua/netgear-gs305p-200pes/p320185774/
17554,https://rozetka.com.ua/ua/netgear-gs305epp-100pes/p331957816/
16493,https://rozetka.com.ua/ua/netgear-gs305ep-100pes/p331955950/
16494,https://rozetka.com.ua/ua/netgear-gs305e-100pes/p320297809/
16478,https://rozetka.com.ua/ua/netgear-gs305-300pes/p320184556/
16479,https://rozetka.com.ua/ua/netgear-gs208-100pes/p320178574/
16480,https://rozetka.com.ua/ua/netgear-gs205-100pes/p331952869/
16496,https://rozetka.com.ua/ua/netgear-gs110tp-300eus/p360927864/
16497,https://rozetka.com.ua/ua/netgear-gs108t-300pes/p320288695/
16482,https://rozetka.com.ua/ua/netgear-gs108pp-100eus/p320174125/
16463,https://rozetka.com.ua/ua/netgear-gs108pe-300eus/p320288509/
16483,https://rozetka.com.ua/ua/netgear-gs108lp-100eus/p320161774/
16498,https://rozetka.com.ua/ua/netgear-gs108e-300pes/p320262607/
16500,https://rozetka.com.ua/ua/netgear-gs105e-200pes/p320261440/
16486,https://rozetka.com.ua/ua/netgear-fs208-100pes/p329121634/
16507,https://rozetka.com.ua/ua/netgear_rn42200_100nes/p87039232/
16489,https://rozetka.com.ua/ua/netgear_gs724tv4/p31447975/
16481,https://rozetka.com.ua/ua/netgear_gs116ge/p118311/
16484,https://rozetka.com.ua/ua/netgear_gs108ge/p98271/
16499,https://rozetka.com.ua/ua/netgear_gs105pe_10000s/p68169754/
16485,https://rozetka.com.ua/ua/netgear_gs105ge/p98119/
10415,https://rozetka.com.ua/ua/mikrotik-rbwapr-2ndr11e-lte/p354252330/
17718,https://rozetka.com.ua/ua/mikrotik-rbwapr-2ndr11e-lte/p354252330/
11816,https://rozetka.com.ua/ua/mikrotik-rbsxtsqg-5acd/p355237041/
15174,https://rozetka.com.ua/ua/mikrotik-rbsxtsq5nd/p354243459/
11796,https://rozetka.com.ua/ua/mikrotik-rbsxtsq5hpnd/p355237038/
17534,https://rozetka.com.ua/ua/mikrotik-rbsxtsq2nd/p354244467/
10416,https://rozetka.com.ua/ua/mikrotik-rbsxtrr11e-lte6/p354251973/
15169,https://rozetka.com.ua/ua/mikrotik-rbsxtrr11e-lte/p354249291/
10414,https://rozetka.com.ua/ua/mikrotik-rbltap-2hndr11e-lte/p354244689/
16727,https://rozetka.com.ua/ua/mikrotik-rbldf-5nd/p355237029/
14435,https://rozetka.com.ua/ua/mikrotik-rbd53ig-5hacd2hnd/p355212960/
16737,https://rozetka.com.ua/ua/mikrotik-rbd53g-5hacd2hnd-tceg12-ea/p354108846/
10422,https://rozetka.com.ua/ua/mikrotik-rbd25g-5hpacqd2hpnd/p355213476/
12318,https://rozetka.com.ua/ua/mikrotik-rbcapl-2nd/p355235718/
11791,https://rozetka.com.ua/ua/mikrotik-rbcapgi-5acd2nd/p354241836/
11777,https://rozetka.com.ua/ua/mikrotik-rb912r-2nd-ltmr11e-lte/p354112560/
10413,https://rozetka.com.ua/ua/mikrotik-rb912r-2nd-ltmr11e-lte/p354112560/
17581,https://rozetka.com.ua/ua/mikrotik-qplus85mp01d/p355309974/
12336,https://rozetka.com.ua/ua/mikrotik-css106-5g-1s/p354280155/
14433,https://rozetka.com.ua/ua/mikrotik-crs326-24g-2splusin/p355214532/
16773,https://rozetka.com.ua/ua/mikrotik-crs318-16p-2splusout/p354280146/
16745,https://rozetka.com.ua/ua/mikrotik-ccr2004-16g-2splus/p354256062/
16573,https://rozetka.com.ua/ua/mikrotik-c52ig-5haxd2haxd-tc/p372616290/
17539,https://rozetka.com.ua/ua/mikrotik_splus85dlc03d/p24528756/
11785,https://rozetka.com.ua/ua/mikrotik_rbmetalg_52shpacn/p15875639/
12316,https://rozetka.com.ua/ua/mikrotik_rbmap2nd/p21511743/
11784,https://rozetka.com.ua/ua/mikrotik_rbftc11/p178524480/
12309,https://rozetka.com.ua/ua/mikrotik_rbd52g_5hacd2hnd_tc/p115855303/
11811,https://rozetka.com.ua/ua/mikrotik_rb962uigs_5hact2hnt/p15941677/
11303,https://rozetka.com.ua/ua/mikrotik_rb960pgs/p24131982/
11820,https://rozetka.com.ua/ua/mikrotik_rb960pgs_pb/p24134873/
12312,https://rozetka.com.ua/ua/mikrotik_rb952ui_5ac2nd/p12045937/
12311,https://rozetka.com.ua/ua/mikrotik_rb952ui_5ac2nd_tc/p17927616/
15395,https://rozetka.com.ua/ua/mikrotik_rb951ui_2nd/p15941719/
12310,https://rozetka.com.ua/ua/mikrotik_rb951ui_2hnd/p12041968/
12308,https://rozetka.com.ua/ua/mikrotik_rb951g_2hnd/p12043186/
12314,https://rozetka.com.ua/ua/mikrotik_rb941_2nd_tc/p15897164/
10419,https://rozetka.com.ua/ua/mikrotik_rb750upr2/p24130687/
11808,https://rozetka.com.ua/ua/mikrotik_rb750r2/p12046994/
10418,https://rozetka.com.ua/ua/mikrotik_rb750p_pbr2/p21508929/
11821,https://rozetka.com.ua/ua/mikrotik_rb750gr3/p15935769/
11819,https://rozetka.com.ua/ua/mikrotik_rb4011igs_rm/p65685753/
12307,https://rozetka.com.ua/ua/mikrotik_rb4011igs_5hacq2hnd_in/p88622703/
12335,https://rozetka.com.ua/ua/mikrotik_rb260gsp/p74007633/
11810,https://rozetka.com.ua/ua/mikrotik_rb2011uias_rm/p15938191/
11782,https://rozetka.com.ua/ua/mikrotik_rb2011uias_in/p15937099/
12313,https://rozetka.com.ua/ua/mikrotik_rb2011uias_2hnd_in/p15937197/
15173,https://rozetka.com.ua/ua/mikrotik_rb2011ils_in/p24394034/
11798,https://rozetka.com.ua/ua/mikrotik_rb2011il_rm/p21513626/
11778,https://rozetka.com.ua/ua/mikrotik_rb2011il_in/p23136445/
11764,https://rozetka.com.ua/ua/mikrotik_rb1100dx4/p23152566/
17538,https://rozetka.com.ua/ua/mikrotik_q_da0001/p319607104/
10409,https://rozetka.com.ua/ua/mikrotik_css610_8g_2s_in/p276895138/
12332,https://rozetka.com.ua/ua/mikrotik_css326_24g_2s_rm/p23147771/
10408,https://rozetka.com.ua/ua/mikrotik_crs354_48g_4s_2q_rm/p197183176/
12327,https://rozetka.com.ua/ua/mikrotik_crs328_4c_20s_4s_rm/p58648102/
12326,https://rozetka.com.ua/ua/mikrotik_crs328_24p_4splusrm/p38783848/
10410,https://rozetka.com.ua/ua/mikrotik_crs326_24s_2q_rm/p115829281/
15400,https://rozetka.com.ua/ua/mikrotik_crs326_24g_2s_rm/p40561416/
16772,https://rozetka.com.ua/ua/mikrotik_crs312_4c_8xg_rm/p178527686/
15401,https://rozetka.com.ua/ua/mikrotik_crs305_1g_4s_in/p63920414/
12328,https://rozetka.com.ua/ua/mikrotik_crs212_1g_10s_1s_in/p12022501/
12329,https://rozetka.com.ua/ua/mikrotik_crs125_24g_1s_2hnd_in/p21515201/
12333,https://rozetka.com.ua/ua/mikrotik_crs112_8g_4s_in/p20883136/
12331,https://rozetka.com.ua/ua/mikrotik_crs109_8g_1s_2hnd_in/p20865853/
15402,https://rozetka.com.ua/ua/mikrotik_crs106_1c_5s/p34458975/
12334,https://rozetka.com.ua/ua/mikrotik_crs105_5s_fb/p101557050/
10421,https://rozetka.com.ua/ua/mikrotik_ccr2004_1g_12s_2xs/p247291483/
11806,https://rozetka.com.ua/ua/mikrotik_ccr1072_1g_8splus/p20865643/
11805,https://rozetka.com.ua/ua/mikrotik_ccr1036_12g_4s/p25792689/
11804,https://rozetka.com.ua/ua/mikrotik_ccr1016_12s_1splus/p32323791/
11780,https://rozetka.com.ua/ua/mikrotik_ccr1016_12g/p21516076/
10420,https://rozetka.com.ua/ua/mikrotik_ccr1009_7g_1c_pc/p25792617/
11803,https://rozetka.com.ua/ua/mikrotik_ccr1009_7g_1c_1splus/p20865181/
10199,https://rozetka.com.ua/ua/linksys_lgs124/p1809742/
10202,https://rozetka.com.ua/ua/linksys_lgs108p/p424959/
10203,https://rozetka.com.ua/ua/linksys_lgs108/p422074/
10204,https://rozetka.com.ua/ua/linksys_lgs105/p421954/
16571,https://rozetka.com.ua/ua/keenetic-kn-3710/p344037286/
16604,https://rozetka.com.ua/ua/keenetic-kn-2710/p320192659/
16829,https://rozetka.com.ua/ua/keenetic-kn-2310/p319794445/
16830,https://rozetka.com.ua/ua/keenetic-kn-2210/p319654606/
16831,https://rozetka.com.ua/ua/keenetic-kn-1711-01en/p334727395/
16605,https://rozetka.com.ua/ua/keenetic-kn-1011/p320180872/
10926,https://rozetka.com.ua/ua/keenetic_viva_kn_1910/p68834781/
10928,https://rozetka.com.ua/ua/keenetic_kn_3010/p188415823/
16607,https://rozetka.com.ua/ua/keenetic_kn_2610/p280910728/
16832,https://rozetka.com.ua/ua/keenetic_kn_2110/p61218414/
16833,https://rozetka.com.ua/ua/keenetic_kn_2010/p60627243/
10927,https://rozetka.com.ua/ua/keenetic_kn_1810/p60506836/
10931,https://rozetka.com.ua/ua/keenetic_kn_1711/p188170403/
10932,https://rozetka.com.ua/ua/keenetic_kn_1511/p188517323/
10929,https://rozetka.com.ua/ua/keenetic_kn_1311/p231932125/
16834,https://rozetka.com.ua/ua/keenetic_kn_1111/p231896479/
16239,https://rozetka.com.ua/ua/h3c_ls_5024pv3_ei_pwr_gl/p180469850/
16240,https://rozetka.com.ua/ua/h3c_ls_5024pv3_ei_gl/p180381468/
11471,https://rozetka.com.ua/ua/fanvil_x4g/p102162372/
16766,https://rozetka.com.ua/ua/edge_core_ecs4100_28t/p47741782/
16765,https://rozetka.com.ua/ua/edge_core_ecs3510_28t/p47711782/
16387,https://rozetka.com.ua/ua/d-link-siedlitra0007/p365146515/
16454,https://rozetka.com.ua/ua/d-link-dir-2150-ee/p364163901/
13980,https://rozetka.com.ua/ua/d-link_des-1008d_pro/p117982/
17535,https://rozetka.com.ua/ua/d_link_dap_1360u/p29746887/
17621,https://rozetka.com.ua/ua/cisco-cbs110-16t-eu/p320650780/
13226,https://rozetka.com.ua/ua/cisco_sf350_24p_k9_eu/p185137954/
12381,https://rozetka.com.ua/ua/cisco_sb_sf250_48_k9_eu/p38898112/
16316,https://rozetka.com.ua/ua/asus-xd6-2pk-white/p313913137/
16317,https://rozetka.com.ua/ua/asus-xd6-1pk-white/p313923166/
16319,https://rozetka.com.ua/ua/asus-xd4-3pk-black/p317899918/
16321,https://rozetka.com.ua/ua/asus-xd4-2pk-black/p317903176/
16322,https://rozetka.com.ua/ua/asus-xd4-1pk-white/p305977748/
16323,https://rozetka.com.ua/ua/asus-xd4-1pk-black/p305992098/
16273,https://rozetka.com.ua/ua/asus-tuf-ax5400/p313899520/
16292,https://rozetka.com.ua/ua/asus-sieasurou0052/p365127345/
16281,https://rozetka.com.ua/ua/asus-rt-ax86s/p317894095/
16283,https://rozetka.com.ua/ua/asus-rt-ax68u/p325109974/
16297,https://rozetka.com.ua/ua/asus-kilasurou0031/p365126724/
16272,https://rozetka.com.ua/ua/asus-gx-u1051/p318563476/
16306,https://rozetka.com.ua/ua/asus-gs-ax5400/p313904308/
16307,https://rozetka.com.ua/ua/asus-gs-ax3000/p313903588/
16671,https://rozetka.com.ua/ua/asus-90ig06g0-mo3110/p354376929/
16314,https://rozetka.com.ua/ua/asus_zenwifi_xt8_1pk_white/p276600548/
16324,https://rozetka.com.ua/ua/asus_zenwifi_mini_cd6_3pk/p261242371/
16325,https://rozetka.com.ua/ua/asus_zenwifi_mini_cd6_2pk/p261241816/
16326,https://rozetka.com.ua/ua/asus_zenwifi_mini_cd6_1pk/p276646213/
16312,https://rozetka.com.ua/ua/asus_xt8_2pk_white/p212451301/
16313,https://rozetka.com.ua/ua/asus_xt8_2pk_black/p212442247/
16315,https://rozetka.com.ua/ua/asus_xt8_1pk_black/p221982229/
17601,https://rozetka.com.ua/ua/asus_xg_u2008/p45068256/
16318,https://rozetka.com.ua/ua/asus_xd4_3pk_white/p261342126/
16320,https://rozetka.com.ua/ua/asus_xd4_2pk_white/p261356366/
16276,https://rozetka.com.ua/ua/asus_rt_ax92u/p208179313/
16278,https://rozetka.com.ua/ua/asus_rt_ax89x/p276637818/
16280,https://rozetka.com.ua/ua/asus_rt_ax86u/p247388005/
16282,https://rozetka.com.ua/ua/asus_rt_ax82u/p247397785/
16284,https://rozetka.com.ua/ua/asus_rt_ax58u/p208163047/
16285,https://rozetka.com.ua/ua/asus_rt_ax56u/p208153639/
16286,https://rozetka.com.ua/ua/asus_rt_ax55/p261233541/
16288,https://rozetka.com.ua/ua/asus_rt_ac88u/p14501918/
16293,https://rozetka.com.ua/ua/asus_rt_ac68u_2pk/p276566333/
16327,https://rozetka.com.ua/ua/asus_ct8_2pk_white/p212441389/
16294,https://rozetka.com.ua/ua/asus_aimesh_ac1900_rt_ac67u_2_pack/p73622997/
16594,https://rozetka.com.ua/ua/aruba-r2w96a/p362404500/
11855,https://rozetka.com.ua/ua/7634294/p7634294/
17592,https://rozetka.com.ua/ua/7380322/p7380322/
16743,https://rozetka.com.ua/ua/42509080/p42509080/
12315,https://rozetka.com.ua/ua/40456592/p40456592/
17607,https://rozetka.com.ua/ua/40443480/p40443480/
15182,https://rozetka.com.ua/ua/39720/p39720/
16303,https://rozetka.com.ua/ua/365448966/p365448966/
16295,https://rozetka.com.ua/ua/365448846/p365448846/
17588,https://rozetka.com.ua/ua/35155399/p35155399/
17533,https://rozetka.com.ua/ua/339088909/p339088909/
17578,https://rozetka.com.ua/ua/2e-2e-sg108c/p330492520/
11143,https://rozetka.com.ua/ua/2e_2e_sp801f/p233730889/
11145,https://rozetka.com.ua/ua/2e_2e_sp402gx/p233783113/
11146,https://rozetka.com.ua/ua/2e_2e_sp401f/p233704531/
16717,https://rozetka.com.ua/ua/224003437/p224003437/
17674,https://rozetka.com.ua/ua/18129684/p18129684/
16448,https://rozetka.com.ua/ua/178023/p178023/
80826,https://rozetka.com.ua/ua/146437/p146437/
17589,https://rozetka.com.ua/ua/12834243/p12834243/
17594,https://rozetka.com.ua/ua/1281100/p1281100/
80825,https://rozetka.com.ua/ua/12017811/p12017811/
17593,https://rozetka.com.ua/ua/11661577/p11661577/
17613,https://rozetka.com.ua/ua/112476752/p112476752/
15396,https://rozetka.com.ua/ua/100883947/p100883947/
17925,https://hard.rozetka.com.ua/ua/western-digital-wuh722020ale6l4-0f38755/p337513921/
17963,https://hard.rozetka.com.ua/ua/western-digital-wds500g3x0e/p336331303/
16076,https://hard.rozetka.com.ua/ua/western-digital-wds192t1d0d/p336328825/
17919,https://hard.rozetka.com.ua/ua/western-digital-wd8001purp/p307909538/
17918,https://hard.rozetka.com.ua/ua/western-digital-wd63purz/p323914801/
17920,https://hard.rozetka.com.ua/ua/western-digital-wd40efpx/p362501127/
17957,https://hard.rozetka.com.ua/ua/western-digital-wd22purz/p323911558/
16114,https://hard.rozetka.com.ua/ua/western-digital-wd101purp/p307919713/
16104,https://hard.rozetka.com.ua/ua/western_wd121kfbx/p127745819/
16106,https://hard.rozetka.com.ua/ua/western_wd102kfbx/p272895886/
16092,https://hard.rozetka.com.ua/ua/western_digital_wus721010ale6l4_0b42266/p139185251/
17924,https://hard.rozetka.com.ua/ua/western_digital_wus721010al5204_0b42258/p139186497/
17927,https://hard.rozetka.com.ua/ua/western_digital_wuh721818ale6l4/p286519993/
17923,https://hard.rozetka.com.ua/ua/western_digital_wuh721816ale6l4_0f38462/p276841463/
16090,https://hard.rozetka.com.ua/ua/western_digital_wuh721414ale6l4_0f31284/p75550488/
17995,https://hard.rozetka.com.ua/ua/western_digital_wds100t3x0c/p82110813/
16109,https://hard.rozetka.com.ua/ua/western_digital_wd82purz/p92544602/
16095,https://hard.rozetka.com.ua/ua/western_digital_wd80efax/p48728998/
16093,https://hard.rozetka.com.ua/ua/western_digital_wd8003ffbx/p54172014/
16107,https://hard.rozetka.com.ua/ua/western_digital_wd62purz/p270798466/
16110,https://hard.rozetka.com.ua/ua/western_digital_wd60purz/p18079164/
16116,https://hard.rozetka.com.ua/ua/western_digital_wd6003fryz/p127888227/
17958,https://hard.rozetka.com.ua/ua/western_digital_wd6003ffbx/p38759256/
16078,https://hard.rozetka.com.ua/ua/western_digital_wd5000lpsx/p242721811/
16079,https://hard.rozetka.com.ua/ua/western_digital_wd4005fzbx/p38323088/
16115,https://hard.rozetka.com.ua/ua/western_digital_wd4003fryz/p127887716/
16097,https://hard.rozetka.com.ua/ua/western_digital_wd4003ffbx/p38751280/
17961,https://hard.rozetka.com.ua/ua/western_digital_wd30efrx/p242470/
16099,https://hard.rozetka.com.ua/ua/western_digital_wd30efax/p224939533/
17917,https://hard.rozetka.com.ua/ua/western_digital_wd20efax/p111527456/
16117,https://hard.rozetka.com.ua/ua/western_digital_wd2005fbyz/p13844749/
16119,https://hard.rozetka.com.ua/ua/western_digital_wd181kryz/p235890289/
16120,https://hard.rozetka.com.ua/ua/western_digital_wd161kryz/p279695018/
16121,https://hard.rozetka.com.ua/ua/western_digital_wd141kryz/p127881850/
16102,https://hard.rozetka.com.ua/ua/western_digital_wd141kfgx/p174801117/
16112,https://hard.rozetka.com.ua/ua/western_digital_wd121purz/p47231744/
16122,https://hard.rozetka.com.ua/ua/western_digital_wd121kryz/p27747673/
16077,https://hard.rozetka.com.ua/ua/western_digital_wd10spsx/p178133264/
16111,https://hard.rozetka.com.ua/ua/western_digital_wd10purz/p18087744/
16113,https://hard.rozetka.com.ua/ua/western_digital_wd102purz/p178111081/
17632,https://hard.rozetka.com.ua/ua/western_digital_wd102kryz/p127841488/
16118,https://hard.rozetka.com.ua/ua/western_digital_wd1005fbyz/p13845099/
16080,https://hard.rozetka.com.ua/ua/western_digital_wd_black_2tb_wd2003fzex/p355175/
16081,https://hard.rozetka.com.ua/ua/western_digital_wd_black_1tb_wd1003fzex/p159576/
17929,https://hard.rozetka.com.ua/ua/western_digital_hus726t6tale6l4_0b36039/p58999066/
17922,https://hard.rozetka.com.ua/ua/western_digital_hus726t4tale6l4_0b36040/p46145128/
17926,https://hard.rozetka.com.ua/ua/western_digital_huh721212al5204/p95753116/
17928,https://hard.rozetka.com.ua/ua/western_digital_hgst_hus722t2tala604_1w10002/p14606858/
16088,https://hard.rozetka.com.ua/ua/western_digital_black_wd5003azex/p230782/
16094,https://hard.rozetka.com.ua/ua/wester_digital_wd80efbx/p277694258/
16096,https://hard.rozetka.com.ua/ua/wester_digital_wd60efzx/p277691538/
16098,https://hard.rozetka.com.ua/ua/wester_digital_wd40efzx/p277687703/
16100,https://hard.rozetka.com.ua/ua/wester_digital_wd30efzx/p277686783/
17921,https://hard.rozetka.com.ua/ua/wester_digital_wd20efzx/p277681878/
16103,https://hard.rozetka.com.ua/ua/wester_digital_wd140efgx/p277698993/
16105,https://hard.rozetka.com.ua/ua/wester_digital_wd120efbx/p277696468/
16073,https://hard.rozetka.com.ua/ua/toshiba-mg08ada800e/p330525463/
17913,https://hard.rozetka.com.ua/ua/toshiba-mg08ada400e/p330525385/
17915,https://hard.rozetka.com.ua/ua/toshiba-mg08aca16te/p337514845/
17916,https://hard.rozetka.com.ua/ua/toshiba_mg09aca18te/p283248448/
17914,https://hard.rozetka.com.ua/ua/toshiba_al15seb24eq/p72003999/
17912,https://hard.rozetka.com.ua/ua/toshiba_al15seb120n/p154386086/
71536,https://hard.rozetka.com.ua/ua/tescom_leo850alcd/p132573480/
10919,https://hard.rozetka.com.ua/ua/tescom_leo850a/p132563512/
10920,https://hard.rozetka.com.ua/ua/tescom_leo650alcd/p132563645/
10921,https://hard.rozetka.com.ua/ua/tescom_leo650a/p132552403/
10922,https://hard.rozetka.com.ua/ua/tescom_leo1500alcd/p132591428/
10923,https://hard.rozetka.com.ua/ua/tescom_leo1500a/p132591407/
10924,https://hard.rozetka.com.ua/ua/tescom_leo1000alcd/p132591379/
10925,https://hard.rozetka.com.ua/ua/tescom_leo1000a/p132583749/
17629,https://hard.rozetka.com.ua/ua/synology-sat5210-1920g/p367482168/
17900,https://hard.rozetka.com.ua/ua/seagate-st8000ve001/p305207538/
17953,https://hard.rozetka.com.ua/ua/seagate-st4000vx016/p345721534/
17952,https://hard.rozetka.com.ua/ua/seagate-st4000vx013/p359315133/
17991,https://hard.rozetka.com.ua/ua/seagate-st4000vn006/p345722188/
17907,https://hard.rozetka.com.ua/ua/seagate-st4000nm024b/p345719926/
17951,https://hard.rozetka.com.ua/ua/seagate-st2000vx015/p359315118/
17904,https://hard.rozetka.com.ua/ua/seagate-st2000nm017b/p345715390/
17906,https://hard.rozetka.com.ua/ua/seagate-st18000nm000j/p345721378/
17909,https://hard.rozetka.com.ua/ua/seagate-st12000nm000j/p345720031/
16072,https://hard.rozetka.com.ua/ua/seagate_st8000vx004/p143396927/
16129,https://hard.rozetka.com.ua/ua/seagate_st8000vn004/p104608164/
17992,https://hard.rozetka.com.ua/ua/seagate_st8000ne001/p104591592/
17901,https://hard.rozetka.com.ua/ua/seagate_st6000vn001/p178123702/
17910,https://hard.rozetka.com.ua/ua/seagate_st2400mm0129/p70067084/
17902,https://hard.rozetka.com.ua/ua/seagate_st18000ve002/p299164353/
17635,https://hard.rozetka.com.ua/ua/seagate_st16000nm002g/p107582826/
17998,https://hard.rozetka.com.ua/ua/seagate_st16000nm001g/p107563836/
17908,https://hard.rozetka.com.ua/ua/seagate_st16000ne000/p104601972/
16126,https://hard.rozetka.com.ua/ua/seagate_skyhawk_st6000vx001/p66656457/
16130,https://hard.rozetka.com.ua/ua/seagate_skyhawk_st4000vx007/p12260746/
16128,https://hard.rozetka.com.ua/ua/seagate_skyhawk_st2000vx008/p12260515/
16124,https://hard.rozetka.com.ua/ua/seagate_skyhawk_st1000vx005/p11974019/
17899,https://hard.rozetka.com.ua/ua/seagate_ironwolf_st3000vn007/p12260382/
17905,https://hard.rozetka.com.ua/ua/seagate_ironwolf_st2000vn004/p11950814/
17950,https://hard.rozetka.com.ua/ua/seagate_ironwolf_st1000vn002/p11950884/
17987,https://hard.rozetka.com.ua/ua/samsung-mzql2960hcjr/p323229844/
17986,https://hard.rozetka.com.ua/ua/samsung-mzql21t9hcjr/p323227783/
17985,https://hard.rozetka.com.ua/ua/samsung-mzilt1t9hajq/p323216614/
17975,https://hard.rozetka.com.ua/ua/samsung-mz7l33t8hblt-00a07/p354230424/
17898,https://hard.rozetka.com.ua/ua/samsung-mz7l31t9hbna-00a07/p371211486/
16071,https://hard.rozetka.com.ua/ua/samsung-mz7l31t9hblt-00a07/p354230133/
17976,https://hard.rozetka.com.ua/ua/samsung-mz1lb960hajq/p323223934/
17983,https://hard.rozetka.com.ua/ua/samsung-mz1lb1t9hals/p323222695/
17989,https://hard.rozetka.com.ua/ua/samsung_mzqlb960hajr/p227069317/
17980,https://hard.rozetka.com.ua/ua/samsung_mzqlb1t9hajr/p286322773/
17977,https://hard.rozetka.com.ua/ua/samsung_mz7lh960hajr/p80702793/
17988,https://hard.rozetka.com.ua/ua/samsung_mz7lh3t8hmlt/p80703951/
17984,https://hard.rozetka.com.ua/ua/samsung_mz7lh240hahq/p76834656/
17990,https://hard.rozetka.com.ua/ua/samsung_mz7lh1t9hmlt/p80703657/
16557,https://hard.rozetka.com.ua/ua/mustek_powermust_800_led_off_t10/p31280015/
16554,https://hard.rozetka.com.ua/ua/mustek_powermust_1000_led_lig_t10/p27016793/
16555,https://hard.rozetka.com.ua/ua/mustek_800_led_lig_t10/p31710239/
16556,https://hard.rozetka.com.ua/ua/mustek_600_led_lig_t10/p35568449/
16673,https://hard.rozetka.com.ua/ua/mustek_2000_lcd_on_t20/p275709633/
16552,https://hard.rozetka.com.ua/ua/mustek_1500_led_li_t10/p35568925/
16551,https://hard.rozetka.com.ua/ua/mustek_1000_lcd_on_t20/p35569184/
16538,https://hard.rozetka.com.ua/ua/micron_mta18asf2g72pdz_2g9e1/p270371036/
84754,https://hard.rozetka.com.ua/ua/legrand-310081/p366022230/
84747,https://hard.rozetka.com.ua/ua/legrand_keor_lp_3000_va_310158/p178437827/
84733,https://hard.rozetka.com.ua/ua/legrand_keor_lp_2000_va_310156/p7459133/
84763,https://hard.rozetka.com.ua/ua/legrand_310324/p52722756/
84739,https://hard.rozetka.com.ua/ua/legrand_310173/p178408910/
84738,https://hard.rozetka.com.ua/ua/legrand_310172/p178241750/
84737,https://hard.rozetka.com.ua/ua/legrand_310171/p178160935/
84736,https://hard.rozetka.com.ua/ua/legrand_310170/p178394553/
84732,https://hard.rozetka.com.ua/ua/kingston-ksm32rd4-64har/p319875328/
16338,https://hard.rozetka.com.ua/ua/kingston-ksm32ed8-16hd/p319868137/
16340,https://hard.rozetka.com.ua/ua/kingston-ksm29es8-16me/p319859515/
17974,https://hard.rozetka.com.ua/ua/intel_ssdsc2kg960g801/p93245480/
17972,https://hard.rozetka.com.ua/ua/intel_ssdsc2kg480g801/p93241184/
17973,https://hard.rozetka.com.ua/ua/intel_ssdsc2kg019t801/p93244946/
17969,https://hard.rozetka.com.ua/ua/intel_ssdsc2kb960g801/p71657091/
17971,https://hard.rozetka.com.ua/ua/intel_ssdsc2kb480g801/p71656707/
17970,https://hard.rozetka.com.ua/ua/intel_ssdsc2kb019t801/p94470074/
17967,https://hard.rozetka.com.ua/ua/intel_ssdsc2bb960g701/p19114095/
17968,https://hard.rozetka.com.ua/ua/intel_ssdpeknw010t8x1/p122548776/
12241,https://hard.rozetka.com.ua/ua/hp_872479_b21/p25806873/
12238,https://hard.rozetka.com.ua/ua/hp_843266_b21/p12223023/
17509,https://hard.rozetka.com.ua/ua/fsp-ppf4802003/p359531055/
80430,https://hard.rozetka.com.ua/ua/fsp-hp2-500/p356870781/
80435,https://hard.rozetka.com.ua/ua/fsp-ha2-650/p356870784/
80434,https://hard.rozetka.com.ua/ua/fsp-ha2-550/p356870787/
80445,https://hard.rozetka.com.ua/ua/fsp-fsp500-50fdb/p353658063/
80441,https://hard.rozetka.com.ua/ua/fsp_sda2_650/p256892336/
74082,https://hard.rozetka.com.ua/ua/fsp_ppf9001404/p238979083/
16690,https://hard.rozetka.com.ua/ua/fsp_ppf6000622/p269754386/
16693,https://hard.rozetka.com.ua/ua/fsp_ppf4801103/p269753476/
16695,https://hard.rozetka.com.ua/ua/fsp_ppf4801102/p269746316/
74085,https://hard.rozetka.com.ua/ua/fsp_ppf27a1105/p239006509/
80432,https://hard.rozetka.com.ua/ua/fsp_ppa7004303/p207713323/
80429,https://hard.rozetka.com.ua/ua/fsp_ppa6505200/p207713293/
80431,https://hard.rozetka.com.ua/ua/fsp_ppa6005600/p207713317/
80428,https://hard.rozetka.com.ua/ua/fsp_ppa5505200/p207713275/
80427,https://hard.rozetka.com.ua/ua/fsp_ppa450ab00/p207681973/
13587,https://hard.rozetka.com.ua/ua/fsp_knight_tw_3kl/p9906376/
74090,https://hard.rozetka.com.ua/ua/fsp_knight_pro_3k/p9905354/
15663,https://hard.rozetka.com.ua/ua/fsp_knight_pro_2k/p6547366/
80438,https://hard.rozetka.com.ua/ua/fsp_hg2_850/p256901776/
80437,https://hard.rozetka.com.ua/ua/fsp_hg2_750/p256901636/
80436,https://hard.rozetka.com.ua/ua/fsp_hg2_650/p256901366/
80449,https://hard.rozetka.com.ua/ua/fsp_fsp600_801uk/p256919336/
80451,https://hard.rozetka.com.ua/ua/fsp_fsp500_50rab/p256904571/
80440,https://hard.rozetka.com.ua/ua/fsp_fsp450_50sac/p256902816/
80444,https://hard.rozetka.com.ua/ua/fsp_fsp400_50fdb/p256904311/
80446,https://hard.rozetka.com.ua/ua/fsp_fsp350_701uj/p256913091/
80439,https://hard.rozetka.com.ua/ua/fsp_fsp350_50sac/p256902626/
80443,https://hard.rozetka.com.ua/ua/fsp_fsp2000_a0agpbi/p256903951/
80442,https://hard.rozetka.com.ua/ua/fsp_fsp1200_50aag/p256903516/
15684,https://hard.rozetka.com.ua/ua/fsp_dp850iec/p12379334/
15686,https://hard.rozetka.com.ua/ua/fsp_dp1500iec/p12378949/
74099,https://hard.rozetka.com.ua/ua/eaton-zsieatups0056-action/p364681788/
74095,https://hard.rozetka.com.ua/ua/eaton_elp1600din/p34560559/
16687,https://hard.rozetka.com.ua/ua/eaton_ellipse_eco_el650din/p49593646/
74101,https://hard.rozetka.com.ua/ua/eaton_9210_3360/p261181861/
74117,https://hard.rozetka.com.ua/ua/eaton_9103_63149/p261175881/
74100,https://hard.rozetka.com.ua/ua/eaton_5s700i/p34538399/
12357,https://hard.rozetka.com.ua/ua/eaton_5e850iusbdin/p49692326/
14207,https://hard.rozetka.com.ua/ua/eaton_5e850iusb/p49696574/
14208,https://hard.rozetka.com.ua/ua/eaton_5e650iusbdin/p49698622/
14209,https://hard.rozetka.com.ua/ua/eaton_5e650iusb/p49699166/
14210,https://hard.rozetka.com.ua/ua/eaton_5e2000iusb/p49652190/
14211,https://hard.rozetka.com.ua/ua/eaton_5e1500iusb/p49651382/
14212,https://hard.rozetka.com.ua/ua/eaton_5e1100iusb/p49629134/
74098,https://hard.rozetka.com.ua/ua/eaton_3s700d/p282919378/
74097,https://hard.rozetka.com.ua/ua/eaton_3s550d/p282808843/
12254,https://hard.rozetka.com.ua/ua/dell_400_bdpq/p187095805/
15334,https://hard.rozetka.com.ua/ua/dell_400_atkn/p185493638/
17938,https://hard.rozetka.com.ua/ua/dell_400_atkj/p40578320/
16334,https://hard.rozetka.com.ua/ua/copy_kingston_ksm32ed8_32me/p275576328/
74044,https://hard.rozetka.com.ua/ua/copy_apc_back_ups_pro_1500va_cis/p261167/
13574,https://hard.rozetka.com.ua/ua/apx_smx2200hv/p68739387/
13570,https://hard.rozetka.com.ua/ua/apx_smart_ups_x_750va_rt_lcd_smx750i/p1658537/
15638,https://hard.rozetka.com.ua/ua/apx_smart_ups_smx1000i/p261168/
16681,https://hard.rozetka.com.ua/ua/apc-bvx900li-gr/p312209752/
16683,https://hard.rozetka.com.ua/ua/apc-bvx700li/p312208132/
16682,https://hard.rozetka.com.ua/ua/apc-bvx700li-gr/p312204928/
17515,https://hard.rozetka.com.ua/ua/apc-bvx2200li-gr/p312219334/
17513,https://hard.rozetka.com.ua/ua/apc-bvx1600li/p312212980/
17514,https://hard.rozetka.com.ua/ua/apc-bvx1600li-gr/p312215218/
18083,https://hard.rozetka.com.ua/ua/apc-bvx1200li/p312210109/
18084,https://hard.rozetka.com.ua/ua/apc-bvx1200li-gr/p312226756/
17612,https://hard.rozetka.com.ua/ua/apc_srv6ki/p94427180/
74053,https://hard.rozetka.com.ua/ua/apc_srv3krirk/p94507442/
15417,https://hard.rozetka.com.ua/ua/apc_srv3ki/p68738247/
74052,https://hard.rozetka.com.ua/ua/apc_srv2krirk/p94499054/
12361,https://hard.rozetka.com.ua/ua/apc_srv2ki/p94425572/
12360,https://hard.rozetka.com.ua/ua/apc_srv1krirk/p94455566/
12362,https://hard.rozetka.com.ua/ua/apc_srv1ki/p94420370/
15414,https://hard.rozetka.com.ua/ua/apc_srtl1500rmxli/p82341663/
15415,https://hard.rozetka.com.ua/ua/apc_srtl1000rmxli/p82281195/
74071,https://hard.rozetka.com.ua/ua/apc_srt6kxli/p94401446/
15413,https://hard.rozetka.com.ua/ua/apc_srt5kxli/p82346673/
13568,https://hard.rozetka.com.ua/ua/apc_srt5krmxli/p82779195/
74068,https://hard.rozetka.com.ua/ua/apc_srt3000xli/p38629512/
74069,https://hard.rozetka.com.ua/ua/apc_srt3000rmxli/p275704323/
74066,https://hard.rozetka.com.ua/ua/apc_srt2200xli/p38510928/
74067,https://hard.rozetka.com.ua/ua/apc_srt2200rmxli/p41364672/
12359,https://hard.rozetka.com.ua/ua/apc_srt2200rmxli_nc/p274695978/
74064,https://hard.rozetka.com.ua/ua/apc_srt1500xli/p275692963/
13569,https://hard.rozetka.com.ua/ua/apc_srt10kxli/p94411508/
74061,https://hard.rozetka.com.ua/ua/apc_srt1000xli/p274685153/
74062,https://hard.rozetka.com.ua/ua/apc_srt1000rmxli/p275689238/
74074,https://hard.rozetka.com.ua/ua/apc_smx3000hv/p82779711/
13577,https://hard.rozetka.com.ua/ua/apc_smt3000rmi2u/p38377576/
15639,https://hard.rozetka.com.ua/ua/apc_smt3000i/p38500296/
13578,https://hard.rozetka.com.ua/ua/apc_smt2200rmi2u/p38321800/
13581,https://hard.rozetka.com.ua/ua/apc_smc3000rmi2u/p38505704/
13582,https://hard.rozetka.com.ua/ua/apc_smc3000i/p38500320/
15416,https://hard.rozetka.com.ua/ua/apc_smc2000i/p9881050/
13583,https://hard.rozetka.com.ua/ua/apc_smc2000i_2u/p38500544/
13576,https://hard.rozetka.com.ua/ua/apc_smart-ups_750va_lcd/p201030/
13579,https://hard.rozetka.com.ua/ua/apc_smart-ups_2200va_lcd/p201025/
13580,https://hard.rozetka.com.ua/ua/apc_smart-ups_1500va_lcd/p201016/
74058,https://hard.rozetka.com.ua/ua/apc_smart-ups_1500va_lcd_rm_2u/p201033/
74055,https://hard.rozetka.com.ua/ua/apc_smart-ups_1000va_lcd/p201001/
13575,https://hard.rozetka.com.ua/ua/apc_smart_ups_smt750rmi2u/p1437502/
74057,https://hard.rozetka.com.ua/ua/apc_smart_ups_smt1000rmi2u/p261186/
74056,https://hard.rozetka.com.ua/ua/apc_smart_ups_c_rm_1500va_lcd_smc1500i_2u/p1658412/
13584,https://hard.rozetka.com.ua/ua/apc_smart_ups_c_rm_1000va_lcd_smc1000i_2u/p1658347/
15640,https://hard.rozetka.com.ua/ua/apc_smart_ups_c_1500va_lcd_smc1500i/p1437062/
15641,https://hard.rozetka.com.ua/ua/apc_smart_ups_c_1000va_lcd_smc1000i/p1238645/
16678,https://hard.rozetka.com.ua/ua/apc_bx950mi/p312230098/
16675,https://hard.rozetka.com.ua/ua/apc_bx950mi_gr/p289697443/
16680,https://hard.rozetka.com.ua/ua/apc_bx750mi/p312228325/
17511,https://hard.rozetka.com.ua/ua/apc_bx750mi_gr/p289693388/
12367,https://hard.rozetka.com.ua/ua/apc_bx700ui/p3428439/
17512,https://hard.rozetka.com.ua/ua/apc_bx2200mi_gr/p265534571/
16684,https://hard.rozetka.com.ua/ua/apc_bx1600mi/p312236026/
16676,https://hard.rozetka.com.ua/ua/apc_bx1600mi_gr/p265524801/
16685,https://hard.rozetka.com.ua/ua/apc_bx1200mi/p312235225/
16677,https://hard.rozetka.com.ua/ua/apc_bx1200mi_gr/p265494426/
12363,https://hard.rozetka.com.ua/ua/apc_bv800i_gr/p47631768/
12364,https://hard.rozetka.com.ua/ua/apc_bv650i_gr/p47629008/
12365,https://hard.rozetka.com.ua/ua/apc_bv500i_gr/p52131834/
12366,https://hard.rozetka.com.ua/ua/apc_bv1000i_gr/p52132218/
74050,https://hard.rozetka.com.ua/ua/apc_br900mi/p312237700/
74048,https://hard.rozetka.com.ua/ua/apc_br1600si/p312255508/
74047,https://hard.rozetka.com.ua/ua/apc_br1200si/p312246451/
14128,https://hard.rozetka.com.ua/ua/apc_br1200si/p312246451/
74043,https://hard.rozetka.com.ua/ua/apc_be850g2_rs/p191148693/
74042,https://hard.rozetka.com.ua/ua/apc_be650g2_rs/p191133860/
15740,https://hard.rozetka.com.ua/ua/apc_bc750_rs/p14532608/
14136,https://hard.rozetka.com.ua/ua/apc_bc650_rsx761/p14532170/
14125,https://hard.rozetka.com.ua/ua/apc_back_ups_pro_900va_cis/p261162/
15737,https://hard.rozetka.com.ua/ua/apc_back_ups_pro_1200va_cis/p261164/
14131,https://hard.rozetka.com.ua/ua/apc_back_ups_cs_500va_bk500ei/p122347/
14121,https://hard.rozetka.com.ua/ua/apc_back_ups_bx800li/p9880945/
15733,https://hard.rozetka.com.ua/ua/apc_back_ups_bx650li/p2222332/
74041,https://hard.rozetka.com.ua/ua/apc_back_ups_bx1400ui/p9880595/
15734,https://hard.rozetka.com.ua/ua/apc_back_ups_bx1100li/p9880280/
14124,https://hard.rozetka.com.ua/ua/apc_back_ups_bx1100ci_rs/p219711/
14122,https://hard.rozetka.com.ua/ua/apc_back_ups_800va_usb/p237438/
12368,https://hard.rozetka.com.ua/ua/apc_back_ups_650va/p189950/
15418,https://hard.rozetka.com.ua/ua/apc_back_ups_650va_bx650li_gr/p1883077/
74060,https://hard.rozetka.com.ua/ua/40009/p40009/
17955,https://hard.rozetka.com.ua/ua/375550863/p375550863/
16091,https://hard.rozetka.com.ua/ua/375550836/p375550836/
17903,https://hard.rozetka.com.ua/ua/375550818/p375550818/
17893,https://hard.rozetka.com.ua/ua/375550224/p375550224/
17894,https://hard.rozetka.com.ua/ua/375550221/p375550221/
17966,https://hard.rozetka.com.ua/ua/375550215/p375550215/
13585,https://hard.rozetka.com.ua/ua/36227/p36227/
74059,https://hard.rozetka.com.ua/ua/36223/p36223/
15738,https://hard.rozetka.com.ua/ua/36064/p36064/
14135,https://hard.rozetka.com.ua/ua/36010/p36010/
