product_id,h1,sku,atr
ERROR,Серверні стійки Rackmount,ERROR,ERROR
ERROR,Вита пара зовнішня,ERROR,KUUURWAAA
ERROR,"Настінні кронштейни 19""",ERROR,ERROR
ERROR,Вита пара по метру,ERROR,KUUURWAAA
ERROR,Телефонний кабель,ERROR,KUUURWAAA
ERROR,"Настінні комутаційні шафи 10""",ERROR,ERROR
ERROR,Вита пара внутрішня,ERROR,ERROR
ERROR,Настінні серверні шафи,ERROR,ERROR
ERROR,Підлогові телекомунікаційні шафи,ERROR,ERROR
ERROR,Серверні стійки Lite,ERROR,ERROR
ERROR,Вита пара UTP,ERROR,ERROR
ERROR,Вита пара FTP,ERROR,ERROR
ERROR,Патч-панелі UTP,ERROR,ERROR
ERROR,Патч-панелі телефонні,ERROR,ERROR
ERROR,Патч-панелі FTP,ERROR,ERROR
ERROR,Патч панелі модульні,ERROR,ERROR
ERROR,"Патч панелі 10"" і настінні",ERROR,ERROR
ERROR,Кліматичні шафи,ERROR,ERROR
ERROR,Зовнішні мережеві шафи,ERROR,ERROR
ERROR,Антивандальні ящики,ERROR,ERROR
ERROR,"Конектори RJ-45, ковпачки",ERROR,ERROR
ERROR,"Розетки RJ-45, RJ-12, накладні",ERROR,ERROR
ERROR,Зрощувачі витої пари,ERROR,ERROR
ERROR,Серверні корпуси 1U,ERROR,ERROR
ERROR,"Модулі RJ-45, RJ-12, Keystone",ERROR,ERROR
ERROR,Серверні корпуси 2U,ERROR,ERROR
ERROR,Патч-корди UTP,ERROR,ERROR
ERROR,"Розетки внутрішні RJ45, RJ12",ERROR,ERROR
ERROR,Патч-корди FTP,ERROR,ERROR
ERROR,Серверні корпуси 3U,ERROR,ERROR
ERROR,Серверні корпуси 5U,ERROR,ERROR
ERROR,Серверні корпуси 4U,ERROR,ERROR
ERROR,Кримпери RJ45,ERROR,ERROR
ERROR,Lan тестери,ERROR,ERROR
ERROR,Інструмент для зачистки та обрізки,ERROR,ERROR
ERROR,Інструмент для закладення витої пари,ERROR,ERROR
ERROR,Набори інструментів для витої пари,ERROR,ERROR
ERROR,Леза і аксесуари,ERROR,ERROR
ERROR,Організатори кабелю,ERROR,ERROR
ERROR,"Блоки розеток 19""",ERROR,ERROR
ERROR,Блоки вентиляторів,ERROR,ERROR
ERROR,Серверні полиці,ERROR,ERROR
ERROR,Аксесуари до корпусів,ERROR,ERROR
ERROR,Плінти і хомути,ERROR,ERROR
ERROR,"Кріплення, різне",ERROR,ERROR
ERROR,Реки для шаф,ERROR,ERROR
ERROR,Розподільчі коробки і шафи,ERROR,ERROR
ERROR,Аксесуари для плінтів,ERROR,ERROR
ERROR,Кабельні стяжки,ERROR,ERROR
ERROR,Ізоляційна стрічка,ERROR,ERROR
ERROR,POE комутатори,ERROR,ERROR
ERROR,Некеровані комутатори,ERROR,ERROR
ERROR,Скоби для кріплення кабеля,ERROR,ERROR
ERROR,Smart комутатори,ERROR,ERROR
ERROR,Комутатори для відеоспостереження,ERROR,ERROR
ERROR,"Керовані комутатори l2, l2+, l3",ERROR,ERROR
ERROR,Роутери Asus,ERROR,ERROR
ERROR,Роутери TP-Link,ERROR,ERROR
ERROR,Маршрутизатори Mikrotik,ERROR,ERROR
ERROR,Внутрішні точки доступу,ERROR,ERROR
ERROR,Роутери Linksys,ERROR,ERROR
ERROR,Маршрутизатори Ubiquiti,ERROR,ERROR
ERROR,Зовнішні точки доступу,ERROR,ERROR
ERROR,Точки доступу Mikrotik,ERROR,ERROR
ERROR,Точки доступу Ubiquiti,ERROR,ERROR
ERROR,Точки доступу Tp-Link,ERROR,ERROR
ERROR,WiFi-адаптери,ERROR,ERROR
ERROR,Wi-Fi антени,ERROR,ERROR
ERROR,WiFi репітери,ERROR,ERROR
ERROR,Powerline адаптери,ERROR,ERROR
ERROR,KVM перемикачі (KVM switch),ERROR,ERROR
ERROR,KVM подовжувачі та кабелі,ERROR,ERROR
ERROR,"Адаптери, перехідники",ERROR,ERROR
ERROR,Відео комутатори,ERROR,ERROR
ERROR,СЗД Synology,ERROR,ERROR
ERROR,NAS Qnap,ERROR,ERROR
ERROR,"Подовжувачі, опції",ERROR,ERROR
ERROR,Сервери леза Blade,ERROR,ERROR
ERROR,Сервери Tower (підлогові),ERROR,ERROR
ERROR,Сервери Rack (стійкові),ERROR,ERROR
ERROR,ПЗ і розширення гарантії,ERROR,ERROR
ERROR,Опції,ERROR,ERROR
ERROR,HDD і SSD для серверів,ERROR,ERROR
ERROR,Серверні процесори,ERROR,ERROR
ERROR,Пам'ять для серверів ОЗП,ERROR,ERROR
ERROR,Контролери для серверів,ERROR,ERROR
ERROR,Серверні блоки живлення,ERROR,ERROR
ERROR,Кабель SingleMode,ERROR,ERROR
ERROR,Кабель MultiMode,ERROR,ERROR
ERROR,Кабель оптичний для зовнішньої прокладки,ERROR,ERROR
ERROR,Оптичний кабель внутрішній,ERROR,ERROR
ERROR,Кабель оптичний підвісний самонесучий,ERROR,ERROR
ERROR,Медіаконвертери Tp-Link,ERROR,ERROR
ERROR,Медіаконвертери Foxgate,ERROR,ERROR
ERROR,Медіаконвертери STep4net,ERROR,ERROR
ERROR,SFP модулі SingleMode,ERROR,ERROR
ERROR,SFP модулі MultiMode,ERROR,ERROR
ERROR,Оптичні патч-панелі 1U,ERROR,ERROR
ERROR,Оптичні патч-панелі 2U,ERROR,ERROR
ERROR,Оптичні патч-панелі 3U,ERROR,ERROR
ERROR,Аксесуари до оптичних патч-панелей,ERROR,ERROR
ERROR,Оптичні бокси,ERROR,ERROR
ERROR,Аксесуари для ВО боксів,ERROR,ERROR
ERROR,Патч-корди SingleMode,ERROR,ERROR
ERROR,Патч-корди MultiMode,ERROR,ERROR
ERROR,Пігтейли SingleMode,ERROR,ERROR
ERROR,Пігтейли MultiMode,ERROR,ERROR
ERROR,Оптичні розетки Simplex,ERROR,ERROR
ERROR,Оптичні розетки Duplex,ERROR,ERROR
ERROR,"SFP PON (GEPON, GPON) модулі",ERROR,ERROR
ERROR,ONU термінали,ERROR,ERROR
ERROR,Підтримуючі затискачі,ERROR,ERROR
ERROR,Концентратори (OLT),ERROR,ERROR
ERROR,Натяжні затискачі,ERROR,ERROR
ERROR,Траверси,ERROR,ERROR
ERROR,"Бандажна стрічка, скріпи, натягувачі",ERROR,ERROR
ERROR,Кронштейни (елементи кріплення),ERROR,ERROR
ERROR,Зварювальні апарати,ERROR,ERROR
ERROR,Сколювачі оптичних волокон,ERROR,ERROR
ERROR,"Акумуляторні батареї, шнури для зварювальних апаратів",ERROR,ERROR
ERROR,Леза для сколювачів,ERROR,ERROR
ERROR,Електроди для зварювальних апаратів,ERROR,ERROR
ERROR,Джерела лазерного випромінювання,ERROR,ERROR
ERROR,Вимірювачі оптичної потужності,ERROR,ERROR
ERROR,Набори інструментів для роботи з оптичним кабелем,ERROR,ERROR
ERROR,Оптичні рефлектометри OTDR,ERROR,ERROR
ERROR,Інструмент для роботи з оптичним кабелем,ERROR,ERROR
ERROR,Засоби очищення,ERROR,ERROR
ERROR,Стріппери для оптоволокна,ERROR,ERROR
ERROR,Атенюатори Female-Female UPC,ERROR,ERROR
ERROR,Прохідні муфти,ERROR,ERROR
ERROR,Атенюатори Male-Female UPC,ERROR,ERROR
ERROR,Розгалужувачі PLC (планарні),ERROR,ERROR
ERROR,Тупикові муфти,ERROR,ERROR
ERROR,Розгалужувачі FBT (зварні),ERROR,ERROR
ERROR,Сплайс-касети,ERROR,ERROR
ERROR,Кришки для сплайс-касет,ERROR,ERROR
ERROR,Оптичні конектори MultiMode,ERROR,ERROR
ERROR,Оптичні конектори SingleMode,ERROR,ERROR
ERROR,Короб підлоговий,ERROR,ERROR
ERROR,З'єднувачі на стик,ERROR,ERROR
ERROR,Заглушки торцеві,ERROR,ERROR
ERROR,Кути зовнішні,ERROR,ERROR
ERROR,Кут плоский,ERROR,ERROR
ERROR,Кут внутрішній,ERROR,ERROR
ERROR,Трійники плоскі,ERROR,ERROR
ERROR,Лотки сітчасті,ERROR,ERROR
ERROR,Аксесуари для кабельних лотків,ERROR,ERROR
ERROR,Тримачі для гофротруби,ERROR,ERROR
ERROR,Кріплення для металорукавів,ERROR,ERROR
ERROR,Аксесуари для кабельних каналів,ERROR,ERROR
ERROR,IP телефони Cisco,ERROR,ERROR
ERROR,IP-телефони Grandstream,ERROR,ERROR
ERROR,IP телефони D-link,ERROR,ERROR
ERROR,Кабель для пожежної сигнализації,ERROR,ERROR
ERROR,Мідний сигнальний кабель (CU),ERROR,ERROR
ERROR,Сигнальний кабель біметал (CCA),ERROR,ERROR
ERROR,Антенний кабель,ERROR,ERROR
ERROR,Коаксіальний кабель для відеоспостереження,ERROR,ERROR
ERROR,Магістральний кабель,ERROR,ERROR
ERROR,HDMI кабелі,ERROR,ERROR
ERROR,Кабелі Displayport,ERROR,ERROR
ERROR,Кабелі DVI,ERROR,ERROR
ERROR,Перехідники HDMI - VGA,ERROR,ERROR
ERROR,Кабелі VGA,ERROR,ERROR
ERROR,Перехідники,ERROR,ERROR
ERROR,Перехідники HDMI - DVI,ERROR,ERROR
ERROR,Перехідники VGA - DisplayPort,ERROR,ERROR
ERROR,Патч-корди SingleMode,ERROR,ERROR
ERROR,Патч-корди MultiMode,ERROR,ERROR
ERROR,Патч-корди UTP,ERROR,ERROR
ERROR,Кабель MultiMode,ERROR,ERROR
ERROR,Патч-корди FTP,ERROR,ERROR
ERROR,Кабель SingleMode,ERROR,ERROR
ERROR,Телефонний кабель,ERROR,ERROR
ERROR,Вита пара по метру,ERROR,ERROR
ERROR,Вита пара внутрішня,ERROR,ERROR
ERROR,Вита пара зовнішня,ERROR,ERROR
ERROR,IP камери відеоспостереження,ERROR,ERROR
ERROR,Аналогові камери відеоспостереження AHD,ERROR,ERROR
ERROR,WIFI камери відеоспостереження,ERROR,ERROR
ERROR,PTZ камери,ERROR,ERROR
ERROR,Вуличні камери відеоспостереження,ERROR,ERROR
ERROR,Відеоспостереження для дому,ERROR,ERROR
ERROR,Камери відеоспостереження Dahua,ERROR,ERROR
ERROR,Камери відеоспостереження Hikvision,ERROR,ERROR
ERROR,IP відеореєстратори,ERROR,ERROR
ERROR,Аналогові відеореєстратори AHD,ERROR,ERROR
ERROR,Відеореєстратори Hikvision,ERROR,ERROR
ERROR,Відеореєстратори Dahua,ERROR,ERROR
ERROR,Гібридні відеореєстратори HVR,ERROR,ERROR
ERROR,Гелеві акумулятори для ДБЖ,ERROR,ERROR
ERROR,Свинцево-кислотні аккумулятори для ДБЖ,ERROR,ERROR
ERROR,Акумулятори для ДБЖ,ERROR,ERROR
ERROR,Кабель ВВГ-П - купити силовий кабель з мідною жилою | EServer,ERROR,KUUURWAAA
ERROR,Кабель ВВГнг,ERROR,KUUURWAAA
ERROR,Кабель ВВГ,ERROR,KUUURWAAA
ERROR,Кабель ПВС,ERROR,KUUURWAAA
ERROR,Кабель ШВВП,ERROR,KUUURWAAA
ERROR,Лінійно-інтерактивні ДБЖ (Line-interactive),ERROR,ERROR
ERROR,ДБЖ подвійного перетворення (On-line UPS),ERROR,ERROR
ERROR,Джерела безперебійного живлення (ДБЖ) для дому,ERROR,ERROR
ERROR,ДБЖ для котла,ERROR,ERROR
ERROR,ДБЖ LogicPower,ERROR,ERROR
ERROR,Безперебійники для ПК,ERROR,ERROR
ERROR,Безперебійники APC,ERROR,ERROR
ERROR,Модульні автоматичні вимикачі,ERROR,ERROR
ERROR,ПЗВ,ERROR,ERROR
ERROR,Дифавтомати,ERROR,ERROR
ERROR,Контакторы,ERROR,ERROR
ERROR,Дополнительные устройства модульной серии,ERROR,ERROR
ERROR,Автомати захисту двигунів,ERROR,ERROR
ERROR,Запобіжники плавкі модульні,ERROR,ERROR
ERROR,Вимикачі навантаження модульні,ERROR,ERROR
ERROR,Щитки металеві,ERROR,ERROR
ERROR,Щитки пластикові,ERROR,ERROR
ERROR,Розподільчі коробки,ERROR,ERROR
ERROR,Комплектуючі для щитків,ERROR,ERROR
ERROR,Щити з монтажною панеллю,ERROR,ERROR
ERROR,Ящики зі знижувальним трансформатором,ERROR,ERROR
ERROR,Вимикачі,ERROR,ERROR
ERROR,Підрозетники,ERROR,ERROR
ERROR,Виделкові з'єднання,ERROR,ERROR
ERROR,Розетки,ERROR,ERROR
ERROR,Сальники,ERROR,ERROR
ERROR,Шини нульові,ERROR,ERROR
ERROR,Клемні затискачі,ERROR,ERROR
ERROR,Розподільчі блоки на DIN-рейку,ERROR,ERROR
ERROR,Шини з'єднувальні,ERROR,ERROR
ERROR,Інші аксесуари,ERROR,ERROR
ERROR,Замки для электрощитков,ERROR,ERROR
ERROR,Ізолятори шинні,ERROR,ERROR
ERROR,Обладнання для АСКОЕ,ERROR,ERROR
ERROR,Лічильники електроенергії,ERROR,ERROR
ERROR,Електровимірювальні прилади,ERROR,ERROR
ERROR,Трансформатори струму,ERROR,ERROR
ERROR,Силові автоматичні вимикачі,ERROR,ERROR
ERROR,Аксесуари до автоматичних вимикачів,ERROR,ERROR
ERROR,Вимикачі-роз'єднувачі (рубильники),ERROR,ERROR
ERROR,"Запобіжники, вимикачі, роз'єднувачі",ERROR,ERROR
ERROR,Перемикачі кулачкові (пакетні),ERROR,ERROR
ERROR,Запобіжники плавкі,ERROR,ERROR
ERROR,"Реле часу, сходові реле",ERROR,ERROR
ERROR,Силові роз'єми,ERROR,ERROR
ERROR,Інші реле та перемикачі,ERROR,ERROR
ERROR,Реле контролю струму,ERROR,ERROR
ERROR,Реле контролю напруги та фаз,ERROR,ERROR
ERROR,Проміжні реле,ERROR,ERROR
ERROR,Фотореле,ERROR,ERROR
ERROR,Настінні серверні шафи,ERROR,ERROR
ERROR,Таймери,ERROR,ERROR
ERROR,Підлогові телекомунікаційні шафи,ERROR,ERROR
ERROR,"Настінні комутаційні шафи 10""",ERROR,ERROR
ERROR,"Настінні кронштейни 19""",ERROR,ERROR
ERROR,Серверні стійки Rackmount,ERROR,ERROR
ERROR,Серверні стійки Lite,ERROR,ERROR
ERROR,Вита пара зовнішня,ERROR,KUUURWAAA
ERROR,Телефонний кабель,ERROR,KUUURWAAA
ERROR,Вита пара внутрішня,ERROR,ERROR
ERROR,Вита пара по метру,ERROR,KUUURWAAA
ERROR,Вита пара UTP,ERROR,ERROR
ERROR,Вита пара FTP,ERROR,ERROR
ERROR,Патч-панелі UTP,ERROR,ERROR
ERROR,Патч-панелі FTP,ERROR,ERROR
ERROR,"Патч панелі 10"" і настінні",ERROR,ERROR
ERROR,Патч панелі модульні,ERROR,ERROR
ERROR,Патч-панелі телефонні,ERROR,ERROR
ERROR,Зовнішні мережеві шафи,ERROR,ERROR
ERROR,Антивандальні ящики,ERROR,ERROR
ERROR,Кліматичні шафи,ERROR,ERROR
ERROR,"Конектори RJ-45, ковпачки",ERROR,ERROR
ERROR,"Розетки RJ-45, RJ-12, накладні",ERROR,ERROR
ERROR,"Модулі RJ-45, RJ-12, Keystone",ERROR,ERROR
ERROR,Зрощувачі витої пари,ERROR,ERROR
ERROR,"Розетки внутрішні RJ45, RJ12",ERROR,ERROR
ERROR,Патч-корди UTP,ERROR,ERROR
ERROR,Патч-корди FTP,ERROR,ERROR
ERROR,Серверні корпуси 1U,ERROR,ERROR
ERROR,Серверні корпуси 2U,ERROR,ERROR
ERROR,Серверні корпуси 5U,ERROR,ERROR
ERROR,Серверні корпуси 3U,ERROR,ERROR
ERROR,Серверні корпуси 4U,ERROR,ERROR
ERROR,Кримпери RJ45,ERROR,ERROR
ERROR,Lan тестери,ERROR,ERROR
ERROR,Інструмент для зачистки та обрізки,ERROR,ERROR
ERROR,Леза і аксесуари,ERROR,ERROR
ERROR,"Блоки розеток 19""",ERROR,ERROR
ERROR,Інструмент для закладення витої пари,ERROR,ERROR
ERROR,Набори інструментів для витої пари,ERROR,ERROR
ERROR,Блоки вентиляторів,ERROR,ERROR
ERROR,Організатори кабелю,ERROR,ERROR
ERROR,Серверні полиці,ERROR,ERROR
ERROR,Аксесуари до корпусів,ERROR,ERROR
ERROR,Реки для шаф,ERROR,ERROR
ERROR,"Кріплення, різне",ERROR,ERROR
ERROR,Плінти і хомути,ERROR,ERROR
ERROR,Розподільчі коробки і шафи,ERROR,ERROR
ERROR,Кабельні стяжки,ERROR,ERROR
ERROR,Ізоляційна стрічка,ERROR,ERROR
ERROR,Аксесуари для плінтів,ERROR,ERROR
ERROR,Скоби для кріплення кабеля,ERROR,ERROR
ERROR,Некеровані комутатори,ERROR,ERROR
ERROR,POE комутатори,ERROR,ERROR
ERROR,"Керовані комутатори l2, l2+, l3",ERROR,ERROR
ERROR,Smart комутатори,ERROR,ERROR
ERROR,Роутери TP-Link,ERROR,ERROR
ERROR,Комутатори для відеоспостереження,ERROR,ERROR
ERROR,Роутери Asus,ERROR,ERROR
ERROR,Роутери Linksys,ERROR,ERROR
ERROR,Маршрутизатори Ubiquiti,ERROR,ERROR
ERROR,Внутрішні точки доступу,ERROR,ERROR
ERROR,Маршрутизатори Mikrotik,ERROR,ERROR
ERROR,Зовнішні точки доступу,ERROR,ERROR
ERROR,Точки доступу Mikrotik,ERROR,ERROR
ERROR,Точки доступу Tp-Link,ERROR,ERROR
ERROR,Точки доступу Ubiquiti,ERROR,ERROR
ERROR,WiFi-адаптери,ERROR,ERROR
ERROR,Wi-Fi антени,ERROR,ERROR
ERROR,KVM перемикачі (KVM switch),ERROR,ERROR
ERROR,Powerline адаптери,ERROR,ERROR
ERROR,WiFi репітери,ERROR,ERROR
ERROR,KVM подовжувачі та кабелі,ERROR,ERROR
ERROR,Відео комутатори,ERROR,ERROR
ERROR,"Адаптери, перехідники",ERROR,ERROR
ERROR,NAS Qnap,ERROR,ERROR
ERROR,СЗД Synology,ERROR,ERROR
ERROR,"Подовжувачі, опції",ERROR,ERROR
ERROR,Сервери Rack (стійкові),ERROR,ERROR
ERROR,Сервери леза Blade,ERROR,ERROR
ERROR,ПЗ і розширення гарантії,ERROR,ERROR
ERROR,Опції,ERROR,ERROR
ERROR,Сервери Tower (підлогові),ERROR,ERROR
ERROR,HDD і SSD для серверів,ERROR,ERROR
ERROR,Контролери для серверів,ERROR,ERROR
ERROR,Пам'ять для серверів ОЗП,ERROR,ERROR
ERROR,Серверні процесори,ERROR,ERROR
ERROR,Серверні блоки живлення,ERROR,ERROR
ERROR,Кабель SingleMode,ERROR,ERROR
ERROR,Кабель MultiMode,ERROR,ERROR
ERROR,Оптичний кабель внутрішній,ERROR,ERROR
ERROR,Кабель оптичний підвісний самонесучий,ERROR,ERROR
ERROR,Кабель оптичний для зовнішньої прокладки,ERROR,ERROR
ERROR,Медіаконвертери Tp-Link,ERROR,ERROR
ERROR,Медіаконвертери Foxgate,ERROR,ERROR
ERROR,Медіаконвертери STep4net,ERROR,ERROR
ERROR,SFP модулі SingleMode,ERROR,ERROR
ERROR,SFP модулі MultiMode,ERROR,ERROR
ERROR,Оптичні патч-панелі 1U,ERROR,ERROR
ERROR,Оптичні патч-панелі 2U,ERROR,ERROR
ERROR,Оптичні патч-панелі 3U,ERROR,ERROR
ERROR,Аксесуари до оптичних патч-панелей,ERROR,ERROR
ERROR,Аксесуари для ВО боксів,ERROR,ERROR
ERROR,Оптичні бокси,ERROR,ERROR
ERROR,Пігтейли SingleMode,ERROR,ERROR
ERROR,Патч-корди SingleMode,ERROR,ERROR
ERROR,Патч-корди MultiMode,ERROR,ERROR
ERROR,Пігтейли MultiMode,ERROR,ERROR
ERROR,Оптичні розетки Simplex,ERROR,ERROR
ERROR,Оптичні розетки Duplex,ERROR,ERROR
ERROR,ONU термінали,ERROR,ERROR
ERROR,"SFP PON (GEPON, GPON) модулі",ERROR,ERROR
ERROR,Концентратори (OLT),ERROR,ERROR
ERROR,Натяжні затискачі,ERROR,ERROR
ERROR,Підтримуючі затискачі,ERROR,ERROR
ERROR,Траверси,ERROR,ERROR
ERROR,Зварювальні апарати,ERROR,ERROR
ERROR,"Бандажна стрічка, скріпи, натягувачі",ERROR,ERROR
ERROR,Кронштейни (елементи кріплення),ERROR,ERROR
ERROR,Сколювачі оптичних волокон,ERROR,ERROR
ERROR,Леза для сколювачів,ERROR,ERROR
ERROR,Електроди для зварювальних апаратів,ERROR,ERROR
ERROR,"Акумуляторні батареї, шнури для зварювальних апаратів",ERROR,ERROR
ERROR,Джерела лазерного випромінювання,ERROR,ERROR
ERROR,Вимірювачі оптичної потужності,ERROR,ERROR
ERROR,Оптичні рефлектометри OTDR,ERROR,ERROR
ERROR,Інструмент для роботи з оптичним кабелем,ERROR,ERROR
ERROR,Засоби очищення,ERROR,ERROR
ERROR,Набори інструментів для роботи з оптичним кабелем,ERROR,ERROR
ERROR,Тупикові муфти,ERROR,ERROR
ERROR,Атенюатори Female-Female UPC,ERROR,ERROR
ERROR,Прохідні муфти,ERROR,ERROR
ERROR,Стріппери для оптоволокна,ERROR,ERROR
ERROR,Атенюатори Male-Female UPC,ERROR,ERROR
ERROR,Розгалужувачі FBT (зварні),ERROR,ERROR
ERROR,Оптичні конектори MultiMode,ERROR,ERROR
ERROR,Оптичні конектори SingleMode,ERROR,ERROR
ERROR,Кришки для сплайс-касет,ERROR,ERROR
ERROR,Короб підлоговий,ERROR,ERROR
ERROR,Розгалужувачі PLC (планарні),ERROR,ERROR
ERROR,Заглушки торцеві,ERROR,ERROR
ERROR,Сплайс-касети,ERROR,ERROR
ERROR,З'єднувачі на стик,ERROR,ERROR
ERROR,Кути зовнішні,ERROR,ERROR
ERROR,Кут внутрішній,ERROR,ERROR
ERROR,Кут плоский,ERROR,ERROR
ERROR,Трійники плоскі,ERROR,ERROR
ERROR,Лотки сітчасті,ERROR,ERROR
ERROR,Аксесуари для кабельних лотків,ERROR,ERROR
ERROR,Кріплення для металорукавів,ERROR,ERROR
ERROR,Аксесуари для кабельних каналів,ERROR,ERROR
ERROR,Тримачі для гофротруби,ERROR,ERROR
ERROR,IP телефони D-link,ERROR,ERROR
ERROR,IP телефони Cisco,ERROR,ERROR
ERROR,IP-телефони Grandstream,ERROR,ERROR
ERROR,Мідний сигнальний кабель (CU),ERROR,ERROR
ERROR,Кабель для пожежної сигнализації,ERROR,ERROR
ERROR,Антенний кабель,ERROR,ERROR
ERROR,Сигнальний кабель біметал (CCA),ERROR,ERROR
ERROR,Коаксіальний кабель для відеоспостереження,ERROR,ERROR
ERROR,Магістральний кабель,ERROR,ERROR
ERROR,HDMI кабелі,ERROR,ERROR
ERROR,Кабелі DVI,ERROR,ERROR
ERROR,Кабелі Displayport,ERROR,ERROR
ERROR,Кабелі VGA,ERROR,ERROR
ERROR,Перехідники,ERROR,ERROR
ERROR,Перехідники HDMI - VGA,ERROR,ERROR
ERROR,Перехідники VGA - DisplayPort,ERROR,ERROR
ERROR,Перехідники HDMI - DVI,ERROR,ERROR
ERROR,Патч-корди SingleMode,ERROR,ERROR
ERROR,Кабель MultiMode,ERROR,ERROR
ERROR,Патч-корди FTP,ERROR,ERROR
ERROR,Патч-корди UTP,ERROR,ERROR
ERROR,Патч-корди MultiMode,ERROR,ERROR
ERROR,Кабель SingleMode,ERROR,ERROR
ERROR,Вита пара внутрішня,ERROR,ERROR
ERROR,Телефонний кабель,ERROR,ERROR
ERROR,Вита пара зовнішня,ERROR,ERROR
ERROR,Вита пара по метру,ERROR,ERROR
ERROR,IP камери відеоспостереження,ERROR,ERROR
ERROR,Аналогові камери відеоспостереження AHD,ERROR,ERROR
ERROR,PTZ камери,ERROR,ERROR
ERROR,WIFI камери відеоспостереження,ERROR,ERROR
ERROR,Вуличні камери відеоспостереження,ERROR,ERROR
ERROR,Відеоспостереження для дому,ERROR,ERROR
ERROR,Камери відеоспостереження Hikvision,ERROR,ERROR
ERROR,Камери відеоспостереження Dahua,ERROR,ERROR
ERROR,IP відеореєстратори,ERROR,ERROR
ERROR,Аналогові відеореєстратори AHD,ERROR,ERROR
ERROR,Відеореєстратори Hikvision,ERROR,ERROR
ERROR,Гібридні відеореєстратори HVR,ERROR,ERROR
ERROR,Відеореєстратори Dahua,ERROR,ERROR
ERROR,Гелеві акумулятори для ДБЖ,ERROR,ERROR
ERROR,Свинцево-кислотні аккумулятори для ДБЖ,ERROR,ERROR
ERROR,Акумулятори для ДБЖ,ERROR,ERROR
ERROR,Кабель ВВГ,ERROR,KUUURWAAA
ERROR,Кабель ВВГ-П - купити силовий кабель з мідною жилою | EServer,ERROR,KUUURWAAA
ERROR,Кабель ВВГнг,ERROR,KUUURWAAA
ERROR,Кабель ПВС,ERROR,KUUURWAAA
ERROR,Кабель ШВВП,ERROR,KUUURWAAA
ERROR,Лінійно-інтерактивні ДБЖ (Line-interactive),ERROR,ERROR
ERROR,ДБЖ подвійного перетворення (On-line UPS),ERROR,ERROR
ERROR,ДБЖ для котла,ERROR,ERROR
ERROR,Джерела безперебійного живлення (ДБЖ) для дому,ERROR,ERROR
ERROR,Безперебійники для ПК,ERROR,ERROR
ERROR,ДБЖ LogicPower,ERROR,ERROR
ERROR,Безперебійники APC,ERROR,ERROR
ERROR,Модульні автоматичні вимикачі,ERROR,ERROR
ERROR,ПЗВ,ERROR,ERROR
ERROR,Дифавтомати,ERROR,ERROR
ERROR,Дополнительные устройства модульной серии,ERROR,ERROR
ERROR,Контакторы,ERROR,ERROR
ERROR,Автомати захисту двигунів,ERROR,ERROR
ERROR,Вимикачі навантаження модульні,ERROR,ERROR
ERROR,Запобіжники плавкі модульні,ERROR,ERROR
ERROR,Щитки металеві,ERROR,ERROR
ERROR,Щитки пластикові,ERROR,ERROR
ERROR,Ящики зі знижувальним трансформатором,ERROR,ERROR
ERROR,Комплектуючі для щитків,ERROR,ERROR
ERROR,Вимикачі,ERROR,ERROR
ERROR,Розподільчі коробки,ERROR,ERROR
ERROR,Щити з монтажною панеллю,ERROR,ERROR
ERROR,Розетки,ERROR,ERROR
ERROR,Підрозетники,ERROR,ERROR
ERROR,Виделкові з'єднання,ERROR,ERROR
ERROR,Клемні затискачі,ERROR,ERROR
ERROR,Шини нульові,ERROR,ERROR
ERROR,Сальники,ERROR,ERROR
ERROR,Розподільчі блоки на DIN-рейку,ERROR,ERROR
ERROR,Інші аксесуари,ERROR,ERROR
ERROR,Шини з'єднувальні,ERROR,ERROR
ERROR,Замки для электрощитков,ERROR,ERROR
ERROR,Ізолятори шинні,ERROR,ERROR
ERROR,Лічильники електроенергії,ERROR,ERROR
ERROR,Обладнання для АСКОЕ,ERROR,ERROR
ERROR,Електровимірювальні прилади,ERROR,ERROR
ERROR,Силові автоматичні вимикачі,ERROR,ERROR
ERROR,Аксесуари до автоматичних вимикачів,ERROR,ERROR
ERROR,Трансформатори струму,ERROR,ERROR
ERROR,Запобіжники плавкі,ERROR,ERROR
ERROR,Вимикачі-роз'єднувачі (рубильники),ERROR,ERROR
ERROR,"Запобіжники, вимикачі, роз'єднувачі",ERROR,ERROR
ERROR,Перемикачі кулачкові (пакетні),ERROR,ERROR
ERROR,Силові роз'єми,ERROR,ERROR
ERROR,Проміжні реле,ERROR,ERROR
ERROR,"Реле часу, сходові реле",ERROR,ERROR
ERROR,Реле контролю струму,ERROR,ERROR
ERROR,Реле контролю напруги та фаз,ERROR,ERROR
ERROR,Інші реле та перемикачі,ERROR,ERROR
ERROR,Таймери,ERROR,ERROR
ERROR,Фотореле,ERROR,ERROR
