1 word,2 words,3 words,4 words
('ик-прожекторов',) (4),ик прожекторы (9),перейти к следующему (2),ик прожекторы в металлическом (2)
('—',) (4),ик прожекторов (4),прожекторы в металлическом (2),прожекторы в металлическом корпусе (2)
('видеонаблюдения.',) (3),волны излучения (3),корпусе с защитой (2),металлическом корпусе с защитой (2)
('то,',) (3),длиной волны (3),современные ик прожекторы (2),ик прожекторы для эффективного (1)
('например,',) (2),инфракрасные прожекторы (2),волны излучения встроенных (2),прожекторы для эффективного ночного (1)
('ик-подсветки',) (2),ик подсветка (2),профессиональные ик прожекторы (1),эффективного ночного освещения камерам (1)
('того,',) (2),ик прожектор (2),прожекторы для эффективного (1),ночного освещения камерам видеонаблюдения (1)
('вопросы.',) (2),модели ик (2),эффективного ночного освещения (1),освещения камерам видеонаблюдения современные (1)
('видеонаблюдения,',) (1),ик прожектора (2),ночного освещения камерам (1),камерам видеонаблюдения современные инфракрасные (1)
('освещением.',) (1),металлическом корпусе (2),освещения камерам видеонаблюдения (1),видеонаблюдения современные инфракрасные прожекторы (1)
('случаи,',) (1),современные ик (2),камерам видеонаблюдения современные (1),современные инфракрасные прожекторы занимают (1)
('приближением,',) (1),излучения встроенных (2),видеонаблюдения современные инфракрасные (1),инфракрасные прожекторы занимают существенную (1)
('наблюдения.',) (1),940 нм (2),современные инфракрасные прожекторы (1),прожекторы занимают существенную позицию (1)
('зону,',) (1),длины волны (2),инфракрасные прожекторы занимают (1),существенную позицию в аксессуарах (1)
('незаметной,',) (1),профессиональные ик (1),прожекторы занимают существенную (1),многом помогают сформировать эффективную (1)
('безопасность.',) (1),эффективного ночного (1),занимают существенную позицию (1),помогают сформировать эффективную систему (1)
('категорию,',) (1),ночного освещения (1),позицию в аксессуарах (1),сформировать эффективную систему видеонаблюдения (1)
('менее,',) (1),освещения камерам (1),многом помогают сформировать (1),систему видеонаблюдения в ночное (1)
('освещения,',) (1),камерам видеонаблюдения (1),помогают сформировать эффективную (1),дополнения существующих возможностей той (1)
('цене,',) (1),видеонаблюдения современные (1),сформировать эффективную систему (1),той или иной модели (1)
('покупателя.',) (1),современные инфракрасные (1),эффективную систему видеонаблюдения (1),например, не редко встречаются (1)
('типа,',) (1),прожекторы занимают (1),видеонаблюдения в ночное (1),случаи, когда видеокамера оснащена (1)
('применению.',) (1),занимают существенную (1),условиях с плохим (1),видеокамера оснащена хорошим оптическим (1)
('покупателям,',) (1),существенную позицию (1),освещением. ик прожекторы (1),приближением, но при высоком (1)
('информацией.',) (1),многом помогают (1),дополнения существующих возможностей (1),высоком приближении ее внутренняя (1)
('прожектора.',) (1),помогают сформировать (1),существующих возможностей той (1),приближении ее внутренняя ик (1)
('покупателем.',) (1),сформировать эффективную (1),случаи, когда видеокамера (1),ик подсветка не способна (1)
('всего,',) (1),эффективную систему (1),видеокамера оснащена хорошим (1),подсветка не способна обеспечить (1)
('прожекторов:',) (1),систему видеонаблюдения (1),оснащена хорошим оптическим (1),способна обеспечить должный уровень (1)
('ip55',) (1),дополнения существующих (1),приближении ее внутренняя (1),обеспечить должный уровень освещения (1)
('(наружные)',) (1),существующих возможностей (1),внутренняя ик подсветка (1),уровень освещения в ночном (1)
('ip44',) (1),возможностей той (1),подсветка не способна (1),освещения в ночном режиме (1)
('(внутренние)',) (1),модели камеры (1),обеспечить должный уровень (1),ик прожектор помогает осветить (1)
('(купольные,',) (1),видеокамера оснащена (1),освещения в ночном (1),прожектор помогает осветить необходимую (1)
('цилиндрические/"пуля")',) (1),оснащена хорошим (1),ик прожектор помогает (1),незаметной, что повышает общую (1)
('том,',) (1),хорошим оптическим (1),прожектор помогает осветить (1),безопасность. инфракрасные прожекторы представляют (1)
('ик-прожектора',) (1),высоком приближении (1),помогает осветить необходимую (1),прожекторы представляют собой далеко (1)
('широкий.',) (1),внутренняя ик (1),безопасность. инфракрасные прожекторы (1),категорию, так как подобные (1)
('установка,',) (1),способна обеспечить (1),инфракрасные прожекторы представляют (1),существуют уже достаточно давно (1)
('ик-прожектор,',) (1),уровень освещения (1),представляют собой далеко (1),давно на рынке систем (1)
('помещения.',) (1),ночном режиме (1),подобные решения существуют (1),менее, они существенно шагнули (1)
('устройством.',) (1),прожектор помогает (1),давно на рынке (1),шагнули вперед в техническом (1)
('базу,',) (1),помогает осветить (1),вперед в техническом (1),вперед в техническом плане (1)
('решений.',) (1),осветить необходимую (1),предлагают более эффективную (1),плане и теперь предлагают (1)
('корпуса,',) (1),прожекторы представляют (1),эффективной с экономической (1),предлагают более эффективную работу (1)
('решениям.',) (1),подобные решения (1),покупателя. для определения (1),работу в отношении дальности (1)
('службы.',) (1),решения существуют (1),определения необходимой модели (1),освещения, а также предлагаются (1)
('кулером,',) (1),рынке систем (1),необходимой модели ик (1),предлагаются по более эффективной (1)
('светодиодах.',) (1),шагнули вперед (1),модели ик прожектора (1),цене, что несомненно порадует (1)
('спектра,',) (1),техническом плане (1),ик прожектора необходимо (1),покупателя. для определения необходимой (1)
('лет.',) (1),эффективную работу (1),необходимо знать типы (1),определения необходимой модели ик (1)
('освещение,',) (1),определения необходимой (1),типы ик подсветки (1),необходимой модели ик прожектора (1)
('бокам.',) (1),необходимой модели (1),подсветки и возможности (1),модели ик прожектора необходимо (1)
('составляющей,',) (1),прожектора необходимо (1),применению. магазин sec (1),прожектора необходимо знать типы (1)
('характеристиками:',) (1),типы ик (1),магазин sec market (1),необходимо знать типы ик (1)
('12в',) (1),ик подсветки (1),sec market готов (1),ик подсветки и возможности (1)
('тока,',) (1),магазин sec (1),market готов содействовать (1),возможности того или иного (1)
('220в',) (1),sec market (1),покупателям, потому предлагаем (1),применению. магазин sec market (1)
('понятно,',) (1),market готов (1),пункту касательно ик (1),магазин sec market готов (1)
('ик-прожектор',) (1),готов содействовать (1),прожекторов и ознакомиться (1),sec market готов содействовать (1)
('них.',) (1),предлагаем перейти (1),ознакомиться с полезной (1),покупателям, потому предлагаем перейти (1)
('95%',) (1),следующему пункту (1),типы и возможности (1),предлагаем перейти к следующему (1)
('840-860',) (1),возможности современных (1),возможности современных ик-прожекторов (1),перейти к следующему пункту (1)
('нм,',) (1),современных ик-прожекторов (1),фотографиям у многих (1),следующему пункту касательно ик (1)
('глазом.',) (1),возникнуть предположения (1),многих может возникнуть (1),пункту касательно ик прожекторов (1)
('стеклом,',) (1),брать ту (1),ту что подешевле (1),ик прожекторов и ознакомиться (1)
('темноте.',) (1),рекомендуем детально (1),закончить выбор ик (1),информацией. типы и возможности (1)
('диодов,',) (1),состоят ик (1),прожектора. мы рекомендуем (1),типы и возможности современных (1)
('нм.',) (1),рассмотрим корпусное (1),состоят ик прожекторы (1),многих может возникнуть предположения (1)
('видеокамеры?',) (1),корпусное исполнение (1),возможности они открывают (1),предположения что все модели (1)
('устройств,',) (1),защитой ip55 (1),всего, рассмотрим корпусное (1),брать ту что подешевле (1)
('интернет-магазином',) (1),(наружные) ик (1),рассмотрим корпусное исполнение (1),прожектора. мы рекомендуем детально (1)
('возникнет,',) (1),защитой ip44 (1),исполнение всех ик (1),прожекторы и какие возможности (1)
('направлении.',) (1),(внутренние) ик (1),прожекторов: ик прожекторы (1),всего, рассмотрим корпусное исполнение (1)
('чате,',) (1),нестандартных миниатюрном (1),(наружные) ик прожекторы (1),корпусное исполнение всех ик (1)
('телефона,',) (1),миниатюрном исполнении (1),(внутренние) ик прожекторы (1),корпусе с защитой ip55 (1)
('контакт-центр',) (1),модули ик-подсветки (1),прожекторы в нестандартных (1),ip55 и выше (наружные) (1)
('ик-прожекторам,',) (1),корпусного исполнения (1),нестандартных миниатюрном исполнении (1),корпусе с защитой ip44 (1)
('целом.',) (1),подсветка — (1),цилиндрические/"пуля") модули ик-подсветки (1),ip44 и ниже (внутренние) (1)
('маркет,',) (1),замена вышедшей (1),ик-подсветки для видеокамер (1),ик прожекторы в нестандартных (1)
('цене.',) (1),строя встроенной (1),куда нужна ик (1),прожекторы в нестандартных миниатюрном (1)
,встроенной инфракрасной (1),ик подсветка — (1),модули ик-подсветки для видеокамер (1)
,инфракрасной подсветки (1),вышедшей из строя (1),том, что выбор ик-прожектора (1)
,подсветки камеры (1),строя встроенной инфракрасной (1),того, куда нужна ик (1)
,необходима внешний (1),встроенной инфракрасной подсветки (1),куда нужна ик подсветка (1)
,следующим шагом (1),инфракрасной подсветки камеры (1),установка, или например замена (1)
,находится — (1),видеонаблюдения. если необходима (1),замена вышедшей из строя (1)
,— снаружи (1),шагом будет определение (1),вышедшей из строя встроенной (1)
,следующему шагу (1),находится — снаружи (1),строя встроенной инфракрасной подсветки (1)
,особенностей ик-подсветки (1),шагу рассмотрения особенностей (1),встроенной инфракрасной подсветки камеры (1)
,прожекторы содержат (1),ик-подсветки и ознакомится (1),видеонаблюдения. если необходима внешний (1)
,иную элементную (1),устройством. современные ик (1),следующим шагом будет определение (1)
,исключены ненадежные (1),ик прожекторы содержат (1),перейти к следующему шагу (1)
,сторону smd (1),содержат совсем иную (1),следующему шагу рассмотрения особенностей (1)
,подход уменьшил (1),решений. такой подход (1),шагу рассмотрения особенностей ик-подсветки (1)
,уменьшил рабочее (1),подход уменьшил рабочее (1),особенностей ик-подсветки и ознакомится (1)
,рабочее пространство (1),уменьшил рабочее пространство (1),ознакомится с их внутренним (1)
,позволило производителям (1),корпуса, что позволило (1),устройством. современные ик прожекторы (1)
,производителям перейти (1),позволило производителям перейти (1),современные ик прожекторы содержат (1)
,прожектора высокой (1),перейти к интересным (1),прожекторы содержат совсем иную (1)
,высокой мощности (1),например, на ик (1),содержат совсем иную элементную (1)
,мощности частой (1),ик прожектора высокой (1),базу, в них исключены (1)
,частой проблемой (1),прожектора высокой мощности (1),ненадежные элементы и сделан (1)
,проблемой был (1),высокой мощности частой (1),сделан выбор в сторону (1)
,был перегрев (1),мощности частой проблемой (1),решений. такой подход уменьшил (1)
,перегрев светодиодов (1),частой проблемой был (1),подход уменьшил рабочее пространство (1)
,прожекторы оснащаются (1),проблемой был перегрев (1),корпуса, что позволило производителям (1)
,оснащаются внутренним (1),был перегрев светодиодов (1),производителям перейти к интересным (1)
,внутренним небольшим (1),светодиодов и выход (1),например, на ик прожектора (1)
,способный сполна (1),строя или уменьшения (1),ик прожектора высокой мощности (1)
,сполна обеспечить (1),уменьшения их срока (1),прожектора высокой мощности частой (1)
,обеспечить качественный (1),службы. теперь современные (1),высокой мощности частой проблемой (1)
,качественный обдув (1),ик прожекторы оснащаются (1),мощности частой проблемой был (1)
,обдув внутреннего (1),прожекторы оснащаются внутренним (1),частой проблемой был перегрев (1)
,внутреннего радиатора (1),оснащаются внутренним небольшим (1),проблемой был перегрев светодиодов (1)
,эффективным способом (1),кулером, способный сполна (1),перегрев светодиодов и выход (1)
,способом увеличить (1),способный сполна обеспечить (1),выход их из строя (1)
,замена классических (1),сполна обеспечить качественный (1),службы. теперь современные ик (1)
,классических светодиодов (1),обеспечить качественный обдув (1),современные ик прожекторы оснащаются (1)
,smd светодиоды (1),качественный обдув внутреннего (1),ик прожекторы оснащаются внутренним (1)
,светодиоды инфракрасного (1),обдув внутреннего радиатора (1),прожекторы оснащаются внутренним небольшим (1)
,позволило снизить (1),радиатора на инфракрасных (1),кулером, способный сполна обеспечить (1)
,снизить нагрузку (1),эффективным способом увеличить (1),способный сполна обеспечить качественный (1)
,цепь питания (1),замена классических светодиодов (1),сполна обеспечить качественный обдув (1)
,потребление ик-прожекторов (1),светодиодов на smd (1),обеспечить качественный обдув внутреннего (1)
,решениями прошлых (1),smd светодиоды инфракрасного (1),качественный обдув внутреннего радиатора (1)
,прожекторы обеспечивают (1),спектра, что позволило (1),внутреннего радиатора на инфракрасных (1)
,классической проблемы (1),позволило снизить нагрузку (1),светодиодах. еще одним эффективным (1)
,высокой яркой (1),нагрузку на цепь (1),увеличить эффективность стала замена (1)
,яркой точкой (1),питания и потребление (1),классических светодиодов на smd (1)
,резкого снижения (1),ик-прожекторов до 10 (1),светодиодов на smd светодиоды (1)
,снижения эффективности (1),ик прожекторы обеспечивают (1),спектра, что позволило снизить (1)
,эффективности освещения (1),обеспечивают более рассеянное (1),снизить нагрузку на цепь (1)
,прожекторов отличаются (1),проблемы с высокой (1),нагрузку на цепь питания (1)
,отличаются следующими (1),высокой яркой точкой (1),цепь питания и потребление (1)
,угол эффективного (1),точкой в центре (1),питания и потребление ик-прожекторов (1)
,эффективного освещения (1),центре и резкого (1),потребление ик-прожекторов до 10 (1)
,места установки (1),резкого снижения эффективности (1),того, ввиду своей конструктивной (1)
,установки рабочее (1),снижения эффективности освещения (1),конструктивной особенности такие ик (1)
,рабочее напряжение (1),бокам. среди технической (1),прожекторы обеспечивают более рассеянное (1)
,напряжение — (1),составляющей, различные модели (1),избавляющее их от классической (1)
,12в постоянного (1),модели ик прожекторов (1),классической проблемы с высокой (1)
,220в переменного (1),ик прожекторов отличаются (1),проблемы с высокой яркой (1)
,переменного длина (1),прожекторов отличаются следующими (1),яркой точкой в центре (1)
,длина волны (1),дальность и угол (1),центре и резкого снижения (1)
,встроенных инфракрасных (1),угол эффективного освещения (1),резкого снижения эффективности освещения (1)
,инфракрасных диодов (1),освещения в метрах (1),составляющей, различные модели ик (1)
,диодов — (1),метрах от места (1),модели ик прожекторов отличаются (1)
,— 860 (1),места установки рабочее (1),ик прожекторов отличаются следующими (1)
,860 нм (1),установки рабочее напряжение (1),характеристиками: дальность и угол (1)
,первым двум (1),рабочее напряжение — (1),дальность и угол эффективного (1)
,двум пунктам (1),тока, или 220в (1),эффективного освещения в метрах (1)
,пунктам описанных (1),220в переменного длина (1),метрах от места установки (1)
,описанных характеристик (1),переменного длина волны (1),места установки рабочее напряжение (1)
,характеристик ик (1),длина волны излучения (1),установки рабочее напряжение — (1)
,показателю длины (1),излучения встроенных инфракрасных (1),— чаще или 12в (1)
,показатель длины (1),встроенных инфракрасных диодов (1),тока, или 220в переменного (1)
,ик-прожектор светодиодов (1),инфракрасных диодов — (1),220в переменного длина волны (1)
,светодиодов отвечает (1),диодов — 860 (1),переменного длина волны излучения (1)
,прямом взгляде (1),— 860 нм (1),длина волны излучения встроенных (1)
,взгляде ночью (1),нм или 940 (1),волны излучения встроенных инфракрасных (1)
,практически 95% (1),нм по первым (1),излучения встроенных инфракрасных диодов (1)
,моделей ик (1),первым двум пунктам (1),встроенных инфракрасных диодов — (1)
,прожекторов построены (1),двум пунктам описанных (1),инфракрасных диодов — 860 (1)
,инфракрасных диодах (1),пунктам описанных характеристик (1),диодов — 860 нм (1)
,пределах 840-860 (1),описанных характеристик ик (1),860 нм или 940 (1)
,предполагает наличие (1),характеристик ик прожекторов (1),нм или 940 нм (1)
,наличие легкого (1),показателю длины волны (1),940 нм по первым (1)
,легкого свечения (1),волны часто возникают (1),нм по первым двум (1)
,взгляде невооруженным (1),вопросы. показатель длины (1),первым двум пунктам описанных (1)
,редкие модели (1),показатель длины волны (1),двум пунктам описанных характеристик (1)
,пределах 940 (1),длины волны излучения (1),пунктам описанных характеристик ик (1)
,оснащены дополнительным (1),встроенных в ик-прожектор (1),описанных характеристик ик прожекторов (1)
,дополнительным затемненным (1),ик-прожектор светодиодов отвечает (1),понятно, вот по показателю (1)
,полностью блокировать (1),свечение при прямом (1),длины волны часто возникают (1)
,блокировать видимое (1),прямом взгляде ночью (1),вопросы. показатель длины волны (1)
,видимое излучение (1),них. практически 95% (1),показатель длины волны излучения (1)
,слабая распространенность (1),95% всех моделей (1),длины волны излучения встроенных (1)
,моделей ик-прожекторов (1),моделей ик прожекторов (1),излучения встроенных в ик-прожектор (1)
,ик-прожекторов связана (1),ик прожекторов построены (1),встроенных в ик-прожектор светодиодов (1)
,дороже аналогичных (1),построены на инфракрасных (1),то, на сколько незаметным (1)
,дальности освещения (1),диодах с длиной (1),незаметным будет их свечение (1)
,освещения моделей (1),волны в пределах (1),свечение при прямом взгляде (1)
,волны 860 (1),нм, что предполагает (1),практически 95% всех моделей (1)
,описании категории (1),предполагает наличие легкого (1),95% всех моделей ик (1)
,категории ик-прожекторов (1),наличие легкого свечения (1),моделей ик прожекторов построены (1)
,постарались осветить (1),свечения при взгляде (1),прожекторов построены на инфракрасных (1)
,ключевые моменты (1),глазом. редкие модели (1),построены на инфракрасных диодах (1)
,интернет-магазином безвыходных (1),модели с длиной (1),инфракрасных диодах с длиной (1)
,безвыходных ситуаций (1),длиной волны излучения (1),диодах с длиной волны (1)
,профессиональную помощь (1),излучения в пределах (1),длиной волны в пределах (1)
,предлагаем доступные (1),пределах 940 нм (1),волны в пределах 840-860 (1)
,доступные каналы (1),оснащены дополнительным затемненным (1),нм, что предполагает наличие (1)
,живое общение (1),полностью блокировать видимое (1),предполагает наличие легкого свечения (1)
,контактные номера (1),блокировать видимое излучение (1),легкого свечения при взгляде (1)
,электронную почту (1),темноте. слабая распространенность (1),свечения при взгляде невооруженным (1)
,будут ждать (1),распространенность таких моделей (1),редкие модели с длиной (1)
,ждать подробные (1),моделей ик-прожекторов связана (1),модели с длиной волны (1)
,подробные ответы (1),связана с дороговизной (1),волны излучения в пределах (1)
,интересующие вопросы (1),дороговизной таких инфракрасных (1),излучения в пределах 940 (1)
,системам безопасности (1),аналогичных по дальности (1),нм как правило оснащены (1)
,,дальности освещения моделей (1),стеклом, что позволяет полностью (1)
,,моделей с длиной (1),полностью блокировать видимое излучение (1)
,,длиной волны 860 (1),излучение даже в абсолютной (1)
,,описании категории ик-прожекторов (1),слабая распространенность таких моделей (1)
,,ик-прожекторов мы постарались (1),распространенность таких моделей ик-прожекторов (1)
,,осветить все ключевые (1),ик-прожекторов связана с дороговизной (1)
,,интернет-магазином безвыходных ситуаций (1),дороже аналогичных по дальности (1)
,,покупатель может рассчитывать (1),аналогичных по дальности освещения (1)
,,рассчитывать на профессиональную (1),освещения моделей с длиной (1)
,,помощь от наших (1),моделей с длиной волны (1)
,,направлении. мы предлагаем (1),нм. как выбрать ик (1)
,,предлагаем доступные каналы (1),категории ик-прожекторов мы постарались (1)
,,чате, контактные номера (1),ик-прожекторов мы постарались осветить (1)
,,телефона, электронную почту (1),постарались осветить все ключевые (1)
,,почту или контакт-центр (1),осветить все ключевые моменты (1)
,,будут ждать подробные (1),вопросы. с нашим интернет-магазином (1)
,,ждать подробные ответы (1),возникнет, потому каждый покупатель (1)
,,ответы на интересующие (1),рассчитывать на профессиональную помощь (1)
,,обращайтесь в сек (1),профессиональную помощь от наших (1)
,,то, что необходимо (1),направлении. мы предлагаем доступные (1)
,,необходимо по выгодной (1),каналы связи через живое (1)
,,,электронную почту или контакт-центр (1)
,,,будут ждать подробные ответы (1)
,,,подробные ответы на интересующие (1)
,,,ответы на интересующие вопросы (1)
,,,целом. обращайтесь в сек (1)
